999
"DXF R12 Output" (www.mydxf.blogspot.com)
 0 
SECTION
 2 
HEADER
 9 
$ACADVER
 1 
AC1009
 9 
$EXTMIN
 10 
 0 
 20 
 0 
 9 
$EXTMAX
 10 
 8.5 
 20 
 11 
 0 
ENDSEC
 0 
SECTION
 2 
ENTITIES
0
LINE
8
Layer 1
10
-137.078000
20
1.442490
11
-138.702020
21
2.036820
0
LINE
8
Layer 1
10
-138.702020
20
2.036820
11
-140.299239
21
2.890467
0
LINE
8
Layer 1
10
-140.299239
20
2.890467
11
-141.800726
21
3.960637
0
LINE
8
Layer 1
10
-141.800726
20
3.960637
11
-143.137550
21
5.204530
0
LINE
8
Layer 1
10
-143.137550
20
5.204530
11
-144.339305
21
6.675224
0
LINE
8
Layer 1
10
-144.339305
20
6.675224
11
-145.066590
21
8.147494
0
LINE
8
Layer 1
10
-145.066590
20
8.147494
11
-145.425302
21
9.939659
0
LINE
8
Layer 1
10
-145.425302
20
9.939659
11
-145.521340
21
12.370040
0
LINE
8
Layer 1
10
-145.521340
20
12.370040
11
-145.444685
21
14.493611
0
LINE
8
Layer 1
10
-145.444685
20
14.493611
11
-145.122431
21
15.842977
0
LINE
8
Layer 1
10
-145.122431
20
15.842977
11
-144.416150
21
16.717448
0
LINE
8
Layer 1
10
-144.416150
20
16.717448
11
-143.187410
21
17.416330
0
LINE
8
Layer 1
10
-143.187410
20
17.416330
11
-141.505839
21
17.987386
0
LINE
8
Layer 1
10
-141.505839
20
17.987386
11
-139.171340
21
18.105240
0
LINE
8
Layer 1
10
-139.171340
20
18.105240
11
-136.874822
21
17.980110
0
LINE
8
Layer 1
10
-136.874822
20
17.980110
11
-135.259020
21
17.482200
0
LINE
8
Layer 1
10
-135.259020
20
17.482200
11
-134.078895
21
16.855364
0
LINE
8
Layer 1
10
-134.078895
20
16.855364
11
-133.329746
21
16.158302
0
LINE
8
Layer 1
10
-133.329746
20
16.158302
11
-132.935815
21
15.287072
0
LINE
8
Layer 1
10
-132.935815
20
15.287072
11
-132.821340
21
14.137730
0
LINE
8
Layer 1
10
-132.821340
20
14.137730
11
-132.744071
21
12.960323
0
LINE
8
Layer 1
10
-132.744071
20
12.960323
11
-132.493148
21
12.085629
0
LINE
8
Layer 1
10
-132.493148
20
12.085629
11
-132.039893
21
11.452230
0
LINE
8
Layer 1
10
-132.039893
20
11.452230
11
-131.355630
21
10.998710
0
LINE
8
Layer 1
10
-131.355630
20
10.998710
11
-130.355646
21
10.793833
0
LINE
8
Layer 1
10
-130.355646
20
10.793833
11
-128.533661
21
10.649405
0
LINE
8
Layer 1
10
-128.533661
20
10.649405
11
-123.542096
21
10.539966
0
LINE
8
Layer 1
10
-123.542096
20
10.539966
11
-118.617749
21
10.666524
0
LINE
8
Layer 1
10
-118.617749
20
10.666524
11
-116.879785
21
10.817093
0
LINE
8
Layer 1
10
-116.879785
20
10.817093
11
-115.997430
21
11.025210
0
LINE
8
Layer 1
10
-115.997430
20
11.025210
11
-115.510797
21
11.356164
0
LINE
8
Layer 1
10
-115.510797
20
11.356164
11
-115.149007
21
11.811122
0
LINE
8
Layer 1
10
-115.149007
20
11.811122
11
-114.893578
21
12.674614
0
LINE
8
Layer 1
10
-114.893578
20
12.674614
11
-114.726031
21
14.231169
0
LINE
8
Layer 1
10
-114.726031
20
14.231169
11
-114.580663
21
20.561586
0
LINE
8
Layer 1
10
-114.580663
20
20.561586
11
-114.565060
21
33.078610
0
LINE
8
Layer 1
10
-114.565060
20
33.078610
11
-114.580032
21
45.778205
0
LINE
8
Layer 1
10
-114.580032
20
45.778205
11
-114.743859
21
52.130672
0
LINE
8
Layer 1
10
-114.743859
20
52.130672
11
-114.937333
21
53.670490
0
LINE
8
Layer 1
10
-114.937333
20
53.670490
11
-115.234909
21
54.516033
0
LINE
8
Layer 1
10
-115.234909
20
54.516033
11
-115.658883
21
54.964806
0
LINE
8
Layer 1
10
-115.658883
20
54.964806
11
-116.231550
21
55.314310
0
LINE
8
Layer 1
10
-116.231550
20
55.314310
11
-116.870255
21
55.595827
0
LINE
8
Layer 1
10
-116.870255
20
55.595827
11
-117.973326
21
55.751181
0
LINE
8
Layer 1
10
-117.973326
20
55.751181
11
-123.719630
21
55.831780
0
LINE
8
Layer 1
10
-123.719630
20
55.831780
11
-130.360660
21
55.832770
0
LINE
8
Layer 1
10
-130.360660
20
55.832770
11
-131.453040
21
55.041450
0
LINE
8
Layer 1
10
-131.453040
20
55.041450
11
-132.268021
21
54.306998
0
LINE
8
Layer 1
10
-132.268021
20
54.306998
11
-132.693460
21
53.652390
0
LINE
8
Layer 1
10
-132.693460
20
53.652390
11
-132.765260
21
41.545290
0
LINE
8
Layer 1
10
-132.765260
20
41.545290
11
-132.692635
21
33.131367
0
LINE
8
Layer 1
10
-132.692635
20
33.131367
11
-132.466699
21
30.689509
0
LINE
8
Layer 1
10
-132.466699
20
30.689509
11
-132.250695
21
29.819266
0
LINE
8
Layer 1
10
-132.250695
20
29.819266
11
-131.944809
21
29.148302
0
LINE
8
Layer 1
10
-131.944809
20
29.148302
11
-131.533146
21
28.650735
0
LINE
8
Layer 1
10
-131.533146
20
28.650735
11
-130.999811
21
28.300682
0
LINE
8
Layer 1
10
-130.999811
20
28.300682
11
-129.504553
21
27.939582
0
LINE
8
Layer 1
10
-129.504553
20
27.939582
11
-127.331880
21
27.857940
0
LINE
8
Layer 1
10
-127.331880
20
27.857940
11
-124.354640
21
27.848690
0
LINE
8
Layer 1
10
-124.354640
20
27.848690
11
-117.522380
21
27.637410
0
LINE
8
Layer 1
10
-117.522380
20
27.637410
11
-116.941435
21
27.282007
0
LINE
8
Layer 1
10
-116.941435
20
27.282007
11
-116.463462
21
26.553471
0
LINE
8
Layer 1
10
-116.463462
20
26.553471
11
-116.100805
21
25.544796
0
LINE
8
Layer 1
10
-116.100805
20
25.544796
11
-115.865810
21
24.348976
0
LINE
8
Layer 1
10
-115.865810
20
24.348976
11
-115.770821
21
23.059006
0
LINE
8
Layer 1
10
-115.770821
20
23.059006
11
-115.828183
21
21.767879
0
LINE
8
Layer 1
10
-115.828183
20
21.767879
11
-116.050241
21
20.568589
0
LINE
8
Layer 1
10
-116.050241
20
20.568589
11
-116.449340
21
19.554130
0
LINE
8
Layer 1
10
-116.449340
20
19.554130
11
-117.089460
21
18.394210
0
LINE
8
Layer 1
10
-117.089460
20
18.394210
11
-126.755000
21
18.394300
0
LINE
8
Layer 1
10
-126.755000
20
18.394300
11
-136.422000
21
18.394300
0
LINE
8
Layer 1
10
-136.422000
20
18.394300
11
-138.486740
21
19.415060
0
LINE
8
Layer 1
10
-138.486740
20
19.415060
11
-140.315286
21
20.509417
0
LINE
8
Layer 1
10
-140.315286
20
20.509417
11
-141.962331
21
21.867520
0
LINE
8
Layer 1
10
-141.962331
20
21.867520
11
-143.339603
21
23.404858
0
LINE
8
Layer 1
10
-143.339603
20
23.404858
11
-144.358830
21
25.036920
0
LINE
8
Layer 1
10
-144.358830
20
25.036920
11
-145.124530
21
26.596380
0
LINE
8
Layer 1
10
-145.124530
20
26.596380
11
-145.201530
21
40.993880
0
LINE
8
Layer 1
10
-145.201530
20
40.993880
11
-145.225624
21
50.392963
0
LINE
8
Layer 1
10
-145.225624
20
50.392963
11
-145.039318
21
55.401368
0
LINE
8
Layer 1
10
-145.039318
20
55.401368
11
-144.807221
21
56.838420
0
LINE
8
Layer 1
10
-144.807221
20
56.838420
11
-144.450474
21
57.873028
0
LINE
8
Layer 1
10
-144.450474
20
57.873028
11
-143.266960
21
59.661880
0
LINE
8
Layer 1
10
-143.266960
20
59.661880
11
-142.076666
21
61.064307
0
LINE
8
Layer 1
10
-142.076666
20
61.064307
11
-140.709603
21
62.337424
0
LINE
8
Layer 1
10
-140.709603
20
62.337424
11
-139.202000
21
63.451149
0
LINE
8
Layer 1
10
-139.202000
20
63.451149
11
-137.590090
21
64.375400
0
LINE
8
Layer 1
10
-137.590090
20
64.375400
11
-135.876460
21
65.225460
0
LINE
8
Layer 1
10
-135.876460
20
65.225460
11
-123.712660
21
65.301860
0
LINE
8
Layer 1
10
-123.712660
20
65.301860
11
-111.548860
21
65.378260
0
LINE
8
Layer 1
10
-111.548860
20
65.378260
11
-109.815910
21
64.530910
0
LINE
8
Layer 1
10
-109.815910
20
64.530910
11
-108.075806
21
63.411454
0
LINE
8
Layer 1
10
-108.075806
20
63.411454
11
-106.212144
21
61.791003
0
LINE
8
Layer 1
10
-106.212144
20
61.791003
11
-104.525157
21
59.961289
0
LINE
8
Layer 1
10
-104.525157
20
59.961289
11
-103.315080
21
58.214050
0
LINE
8
Layer 1
10
-103.315080
20
58.214050
11
-102.526720
21
56.758840
0
LINE
8
Layer 1
10
-102.526720
20
56.758840
11
-102.454920
21
33.479340
0
LINE
8
Layer 1
10
-102.454920
20
33.479340
11
-102.383120
21
10.199840
0
LINE
8
Layer 1
10
-102.383120
20
10.199840
11
-103.207080
21
8.526130
0
LINE
8
Layer 1
10
-103.207080
20
8.526130
11
-104.281113
21
6.853999
0
LINE
8
Layer 1
10
-104.281113
20
6.853999
11
-105.836414
21
5.058911
0
LINE
8
Layer 1
10
-105.836414
20
5.058911
11
-107.625713
21
3.396486
0
LINE
8
Layer 1
10
-107.625713
20
3.396486
11
-109.401740
21
2.122340
0
LINE
8
Layer 1
10
-109.401740
20
2.122340
11
-110.972110
21
1.196300
0
LINE
8
Layer 1
10
-110.972110
20
1.196300
11
-123.418110
21
1.150000
0
LINE
8
Layer 1
10
-123.418110
20
1.150000
11
-133.437298
21
1.186924
0
LINE
8
Layer 1
10
-133.437298
20
1.186924
11
-135.881183
21
1.283618
0
LINE
8
Layer 1
10
-135.881183
20
1.283618
11
-137.078110
21
1.442390
0
LINE
8
Layer 1
10
-137.078110
20
1.442390
11
-137.078000
21
1.442490
0
LINE
8
Layer 1
10
-110.344900
20
3.313050
11
-108.768593
21
4.408989
0
LINE
8
Layer 1
10
-108.768593
20
4.408989
11
-107.110134
21
5.920141
0
LINE
8
Layer 1
10
-107.110134
20
5.920141
11
-105.651480
21
7.561361
0
LINE
8
Layer 1
10
-105.651480
20
7.561361
11
-104.674590
21
9.047500
0
LINE
8
Layer 1
10
-104.674590
20
9.047500
11
-103.985770
21
10.456800
0
LINE
8
Layer 1
10
-103.985770
20
10.456800
11
-103.978770
21
33.175200
0
LINE
8
Layer 1
10
-103.978770
20
33.175200
11
-103.971770
21
55.893600
0
LINE
8
Layer 1
10
-103.971770
20
55.893600
11
-104.634830
21
57.341910
0
LINE
8
Layer 1
10
-104.634830
20
57.341910
11
-105.665760
21
58.987718
0
LINE
8
Layer 1
10
-105.665760
20
58.987718
11
-107.184162
21
60.683392
0
LINE
8
Layer 1
10
-107.184162
20
60.683392
11
-108.945186
21
62.189853
0
LINE
8
Layer 1
10
-108.945186
20
62.189853
11
-110.703980
21
63.268020
0
LINE
8
Layer 1
10
-110.703980
20
63.268020
11
-112.448760
21
64.084500
0
LINE
8
Layer 1
10
-112.448760
20
64.084500
11
-123.765860
21
63.993600
0
LINE
8
Layer 1
10
-123.765860
20
63.993600
11
-135.082860
21
63.902700
0
LINE
8
Layer 1
10
-135.082860
20
63.902700
11
-136.879980
21
63.017860
0
LINE
8
Layer 1
10
-136.879980
20
63.017860
11
-138.681808
21
61.925154
0
LINE
8
Layer 1
10
-138.681808
20
61.925154
11
-140.386008
21
60.517390
0
LINE
8
Layer 1
10
-140.386008
20
60.517390
11
-141.833740
21
58.944761
0
LINE
8
Layer 1
10
-141.833740
20
58.944761
11
-142.866170
21
57.357460
0
LINE
8
Layer 1
10
-142.866170
20
57.357460
11
-143.670230
21
55.748390
0
LINE
8
Layer 1
10
-143.670230
20
55.748390
11
-143.670000
21
41.668700
0
LINE
8
Layer 1
10
-143.670000
20
41.668700
11
-143.596721
21
29.991975
0
LINE
8
Layer 1
10
-143.596721
20
29.991975
11
-143.476431
21
27.579425
0
LINE
8
Layer 1
10
-143.476431
20
27.579425
11
-143.274870
21
26.469100
0
LINE
8
Layer 1
10
-143.274870
20
26.469100
11
-142.821430
21
25.443369
0
LINE
8
Layer 1
10
-142.821430
20
25.443369
11
-142.205394
21
24.452937
0
LINE
8
Layer 1
10
-142.205394
20
24.452937
11
-140.555562
21
22.639755
0
LINE
8
Layer 1
10
-140.555562
20
22.639755
11
-138.465425
21
21.153123
0
LINE
8
Layer 1
10
-138.465425
20
21.153123
11
-136.075030
21
20.116610
0
LINE
8
Layer 1
10
-136.075030
20
20.116610
11
-134.914406
21
19.829454
0
LINE
8
Layer 1
10
-134.914406
20
19.829454
11
-133.330888
21
19.669386
0
LINE
8
Layer 1
10
-133.330888
20
19.669386
11
-126.188940
21
19.584990
0
LINE
8
Layer 1
10
-126.188940
20
19.584990
11
-119.128346
21
19.657565
0
LINE
8
Layer 1
10
-119.128346
20
19.657565
11
-118.075818
21
19.812465
0
LINE
8
Layer 1
10
-118.075818
20
19.812465
11
-117.746550
21
20.103490
0
LINE
8
Layer 1
10
-117.746550
20
20.103490
11
-117.360659
21
21.410343
0
LINE
8
Layer 1
10
-117.360659
20
21.410343
11
-117.256852
21
23.076125
0
LINE
8
Layer 1
10
-117.256852
20
23.076125
11
-117.426800
21
24.687997
0
LINE
8
Layer 1
10
-117.426800
20
24.687997
11
-117.862170
21
25.833120
0
LINE
8
Layer 1
10
-117.862170
20
25.833120
11
-118.237421
21
26.108220
0
LINE
8
Layer 1
10
-118.237421
20
26.108220
11
-119.191139
21
26.275094
0
LINE
8
Layer 1
10
-119.191139
20
26.275094
11
-124.818110
21
26.464160
0
LINE
8
Layer 1
10
-124.818110
20
26.464160
11
-131.409840
21
26.596450
0
LINE
8
Layer 1
10
-131.409840
20
26.596450
11
-132.343310
21
27.309120
0
LINE
8
Layer 1
10
-132.343310
20
27.309120
11
-132.946605
21
27.786757
0
LINE
8
Layer 1
10
-132.946605
20
27.786757
11
-133.397543
21
28.292117
0
LINE
8
Layer 1
10
-133.397543
20
28.292117
11
-133.718292
21
29.007042
0
LINE
8
Layer 1
10
-133.718292
20
29.007042
11
-133.931016
21
30.113375
0
LINE
8
Layer 1
10
-133.931016
20
30.113375
11
-134.121059
21
34.227631
0
LINE
8
Layer 1
10
-134.121059
20
34.227631
11
-134.145000
21
42.089620
0
LINE
8
Layer 1
10
-134.145000
20
42.089620
11
-134.145000
21
54.327700
0
LINE
8
Layer 1
10
-134.145000
20
54.327700
11
-133.515360
21
55.153200
0
LINE
8
Layer 1
10
-133.515360
20
55.153200
11
-132.672861
21
55.952735
0
LINE
8
Layer 1
10
-132.672861
20
55.952735
11
-131.531450
21
56.715790
0
LINE
8
Layer 1
10
-131.531450
20
56.715790
11
-130.177170
21
57.452880
0
LINE
8
Layer 1
10
-130.177170
20
57.452880
11
-123.319630
21
57.370480
0
LINE
8
Layer 1
10
-123.319630
20
57.370480
11
-116.462090
21
57.288080
0
LINE
8
Layer 1
10
-116.462090
20
57.288080
11
-115.328220
21
56.490670
0
LINE
8
Layer 1
10
-115.328220
20
56.490670
11
-114.368251
21
55.656549
0
LINE
8
Layer 1
10
-114.368251
20
55.656549
11
-113.652490
21
54.770880
0
LINE
8
Layer 1
10
-113.652490
20
54.770880
11
-113.342194
21
53.871362
0
LINE
8
Layer 1
10
-113.342194
20
53.871362
11
-113.172608
21
51.269703
0
LINE
8
Layer 1
10
-113.172608
20
51.269703
11
-113.038160
21
33.395780
0
LINE
8
Layer 1
10
-113.038160
20
33.395780
11
-113.046508
21
15.650480
0
LINE
8
Layer 1
10
-113.046508
20
15.650480
11
-113.188480
21
12.878902
0
LINE
8
Layer 1
10
-113.188480
20
12.878902
11
-113.469740
21
11.803580
0
LINE
8
Layer 1
10
-113.469740
20
11.803580
11
-114.120495
21
10.774083
0
LINE
8
Layer 1
10
-114.120495
20
10.774083
11
-114.977260
21
9.899040
0
LINE
8
Layer 1
10
-114.977260
20
9.899040
11
-115.980730
21
9.133990
0
LINE
8
Layer 1
10
-115.980730
20
9.133990
11
-123.674000
21
9.133900
0
LINE
8
Layer 1
10
-123.674000
20
9.133900
11
-130.474420
21
9.213509
0
LINE
8
Layer 1
10
-130.474420
20
9.213509
11
-131.640097
21
9.392201
0
LINE
8
Layer 1
10
-131.640097
20
9.392201
11
-132.331890
21
9.733870
0
LINE
8
Layer 1
10
-132.331890
20
9.733870
11
-133.197538
21
10.380931
0
LINE
8
Layer 1
10
-133.197538
20
10.380931
11
-133.756161
21
11.093755
0
LINE
8
Layer 1
10
-133.756161
20
11.093755
11
-134.055976
21
11.961094
0
LINE
8
Layer 1
10
-134.055976
20
11.961094
11
-134.145200
21
13.071700
0
LINE
8
Layer 1
10
-134.145200
20
13.071700
11
-134.186993
21
14.235411
0
LINE
8
Layer 1
10
-134.186993
20
14.235411
11
-134.375124
21
14.976903
0
LINE
8
Layer 1
10
-134.375124
20
14.976903
11
-134.803717
21
15.487233
0
LINE
8
Layer 1
10
-134.803717
20
15.487233
11
-135.566900
21
15.957460
0
LINE
8
Layer 1
10
-135.566900
20
15.957460
11
-137.124346
21
16.427028
0
LINE
8
Layer 1
10
-137.124346
20
16.427028
11
-139.153475
21
16.589920
0
LINE
8
Layer 1
10
-139.153475
20
16.589920
11
-141.183631
21
16.444157
0
LINE
8
Layer 1
10
-141.183631
20
16.444157
11
-142.744160
21
15.987760
0
LINE
8
Layer 1
10
-142.744160
20
15.987760
11
-143.802500
21
15.433260
0
LINE
8
Layer 1
10
-143.802500
20
15.433260
11
-143.884200
21
12.548180
0
LINE
8
Layer 1
10
-143.884200
20
12.548180
11
-143.857745
21
10.223382
0
LINE
8
Layer 1
10
-143.857745
20
10.223382
11
-143.679460
21
8.685350
0
LINE
8
Layer 1
10
-143.679460
20
8.685350
11
-143.034301
21
7.423082
0
LINE
8
Layer 1
10
-143.034301
20
7.423082
11
-141.894559
21
6.081647
0
LINE
8
Layer 1
10
-141.894559
20
6.081647
11
-140.428197
21
4.828282
0
LINE
8
Layer 1
10
-140.428197
20
4.828282
11
-138.803180
21
3.830220
0
LINE
8
Layer 1
10
-138.803180
20
3.830220
11
-137.071220
21
3.098377
0
LINE
8
Layer 1
10
-137.071220
20
3.098377
11
-135.586370
21
2.662980
0
LINE
8
Layer 1
10
-135.586370
20
2.662980
11
-131.358805
21
2.516419
0
LINE
8
Layer 1
10
-131.358805
20
2.516419
11
-123.032670
21
2.479020
0
LINE
8
Layer 1
10
-123.032670
20
2.479020
11
-111.787870
21
2.519320
0
LINE
8
Layer 1
10
-111.787870
20
2.519320
11
-110.344900
21
3.313050
0
LINE
8
Layer 1
10
-460.863900
20
12.460720
11
-462.054505
21
12.788820
0
LINE
8
Layer 1
10
-462.054505
20
12.788820
11
-462.947135
21
13.247531
0
LINE
8
Layer 1
10
-462.947135
20
13.247531
11
-463.545585
21
13.839527
0
LINE
8
Layer 1
10
-463.545585
20
13.839527
11
-463.853650
21
14.567480
0
LINE
8
Layer 1
10
-463.853650
20
14.567480
11
-464.339830
21
45.827380
0
LINE
8
Layer 1
10
-464.339830
20
45.827380
11
-464.531741
21
72.437755
0
LINE
8
Layer 1
10
-464.531741
20
72.437755
11
-464.406971
21
76.111199
0
LINE
8
Layer 1
10
-464.406971
20
76.111199
11
-464.280017
21
76.802544
0
LINE
8
Layer 1
10
-464.280017
20
76.802544
11
-464.106440
21
77.211280
0
LINE
8
Layer 1
10
-464.106440
20
77.211280
11
-463.475233
21
78.281677
0
LINE
8
Layer 1
10
-463.475233
20
78.281677
11
-462.756507
21
79.191790
0
LINE
8
Layer 1
10
-462.756507
20
79.191790
11
-461.953553
21
79.938035
0
LINE
8
Layer 1
10
-461.953553
20
79.938035
11
-461.069660
21
80.516830
0
LINE
8
Layer 1
10
-461.069660
20
80.516830
11
-460.340728
21
80.837934
0
LINE
8
Layer 1
10
-460.340728
20
80.837934
11
-459.369442
21
81.012365
0
LINE
8
Layer 1
10
-459.369442
20
81.012365
11
-454.819090
21
81.095250
0
LINE
8
Layer 1
10
-454.819090
20
81.095250
11
-451.398849
21
81.045276
0
LINE
8
Layer 1
10
-451.398849
20
81.045276
11
-449.269050
21
80.850661
0
LINE
8
Layer 1
10
-449.269050
20
80.850661
11
-447.982274
21
80.430869
0
LINE
8
Layer 1
10
-447.982274
20
80.430869
11
-447.091100
21
79.705360
0
LINE
8
Layer 1
10
-447.091100
20
79.705360
11
-446.120879
21
78.455807
0
LINE
8
Layer 1
10
-446.120879
20
78.455807
11
-444.531689
21
75.099774
0
LINE
8
Layer 1
10
-444.531689
20
75.099774
11
-434.557500
21
50.598660
0
LINE
8
Layer 1
10
-434.557500
20
50.598660
11
-427.699290
21
33.590560
0
LINE
8
Layer 1
10
-427.699290
20
33.590560
11
-427.567000
21
55.625760
0
LINE
8
Layer 1
10
-427.567000
20
55.625760
11
-427.434700
21
77.660960
0
LINE
8
Layer 1
10
-427.434700
20
77.660960
11
-426.807370
21
78.670040
0
LINE
8
Layer 1
10
-426.807370
20
78.670040
11
-426.043408
21
79.588564
0
LINE
8
Layer 1
10
-426.043408
20
79.588564
11
-425.087580
21
80.379910
0
LINE
8
Layer 1
10
-425.087580
20
80.379910
11
-424.420658
21
80.754255
0
LINE
8
Layer 1
10
-424.420658
20
80.754255
11
-423.711801
21
80.979636
0
LINE
8
Layer 1
10
-423.711801
20
80.979636
11
-421.217000
21
81.180190
0
LINE
8
Layer 1
10
-421.217000
20
81.180190
11
-418.727058
21
81.169359
0
LINE
8
Layer 1
10
-418.727058
20
81.169359
11
-418.102755
21
80.996119
0
LINE
8
Layer 1
10
-418.102755
20
80.996119
11
-417.537390
21
80.660940
0
LINE
8
Layer 1
10
-417.537390
20
80.660940
11
-415.817600
21
79.025690
0
LINE
8
Layer 1
10
-415.817600
20
79.025690
11
-414.999290
21
78.009170
0
LINE
8
Layer 1
10
-414.999290
20
78.009170
11
-414.819060
21
47.540270
0
LINE
8
Layer 1
10
-414.819060
20
47.540270
11
-414.733384
21
21.480707
0
LINE
8
Layer 1
10
-414.733384
20
21.480707
11
-414.847766
21
17.461047
0
LINE
8
Layer 1
10
-414.847766
20
17.461047
11
-415.094940
21
16.277670
0
LINE
8
Layer 1
10
-415.094940
20
16.277670
11
-415.954024
21
15.417971
0
LINE
8
Layer 1
10
-415.954024
20
15.417971
11
-417.623970
21
14.425590
0
LINE
8
Layer 1
10
-417.623970
20
14.425590
11
-419.696910
21
13.367250
0
LINE
8
Layer 1
10
-419.696910
20
13.367250
11
-424.492000
21
13.367200
0
LINE
8
Layer 1
10
-424.492000
20
13.367200
11
-428.371131
21
13.473103
0
LINE
8
Layer 1
10
-428.371131
20
13.473103
11
-429.731735
21
13.648288
0
LINE
8
Layer 1
10
-429.731735
20
13.648288
11
-430.806364
21
13.943014
0
LINE
8
Layer 1
10
-430.806364
20
13.943014
11
-431.670017
21
14.385817
0
LINE
8
Layer 1
10
-431.670017
20
14.385817
11
-432.397694
21
15.005235
0
LINE
8
Layer 1
10
-432.397694
20
15.005235
11
-433.745120
21
16.888070
0
LINE
8
Layer 1
10
-433.745120
20
16.888070
11
-436.812543
21
23.897515
0
LINE
8
Layer 1
10
-436.812543
20
23.897515
11
-442.914840
21
38.634870
0
LINE
8
Layer 1
10
-442.914840
20
38.634870
11
-451.306390
21
59.007770
0
LINE
8
Layer 1
10
-451.306390
20
59.007770
11
-451.369315
21
52.468745
0
LINE
8
Layer 1
10
-451.369315
20
52.468745
11
-451.340890
21
36.561470
0
LINE
8
Layer 1
10
-451.340890
20
36.561470
11
-451.247390
21
13.982870
0
LINE
8
Layer 1
10
-451.247390
20
13.982870
11
-451.953900
21
13.375110
0
LINE
8
Layer 1
10
-451.953900
20
13.375110
11
-452.558236
21
13.012706
0
LINE
8
Layer 1
10
-452.558236
20
13.012706
11
-453.425756
21
12.709115
0
LINE
8
Layer 1
10
-453.425756
20
12.709115
11
-455.715086
21
12.302512
0
LINE
8
Layer 1
10
-455.715086
20
12.302512
11
-458.351369
21
12.203594
0
LINE
8
Layer 1
10
-458.351369
20
12.203594
11
-460.864080
21
12.460650
0
LINE
8
Layer 1
10
-460.864080
20
12.460650
11
-460.863900
21
12.460720
0
LINE
8
Layer 1
10
-453.368990
20
14.397860
11
-452.652060
21
14.867620
0
LINE
8
Layer 1
10
-452.652060
20
14.867620
11
-452.743060
21
38.326820
0
LINE
8
Layer 1
10
-452.743060
20
38.326820
11
-452.744595
21
54.991995
0
LINE
8
Layer 1
10
-452.744595
20
54.991995
11
-452.620340
21
62.116720
0
LINE
8
Layer 1
10
-452.620340
20
62.116720
11
-452.381947
21
62.368422
0
LINE
8
Layer 1
10
-452.381947
20
62.368422
11
-452.102348
21
62.462319
0
LINE
8
Layer 1
10
-452.102348
20
62.462319
11
-451.452906
21
62.202914
0
LINE
8
Layer 1
10
-451.452906
20
62.202914
11
-450.738756
21
61.390945
0
LINE
8
Layer 1
10
-450.738756
20
61.390945
11
-450.026640
21
60.078850
0
LINE
8
Layer 1
10
-450.026640
20
60.078850
11
-441.427660
21
39.164150
0
LINE
8
Layer 1
10
-441.427660
20
39.164150
11
-435.445469
21
24.744000
0
LINE
8
Layer 1
10
-435.445469
20
24.744000
11
-432.384400
21
17.754250
0
LINE
8
Layer 1
10
-432.384400
20
17.754250
11
-431.465796
21
16.410135
0
LINE
8
Layer 1
10
-431.465796
20
16.410135
11
-430.411279
21
15.572714
0
LINE
8
Layer 1
10
-430.411279
20
15.572714
11
-428.912452
21
15.081513
0
LINE
8
Layer 1
10
-428.912452
20
15.081513
11
-426.660920
21
14.776060
0
LINE
8
Layer 1
10
-426.660920
20
14.776060
11
-424.253061
21
14.648763
0
LINE
8
Layer 1
10
-424.253061
20
14.648763
11
-422.084699
21
14.757700
0
LINE
8
Layer 1
10
-422.084699
20
14.757700
11
-420.168507
21
15.101478
0
LINE
8
Layer 1
10
-420.168507
20
15.101478
11
-418.517160
21
15.678700
0
LINE
8
Layer 1
10
-418.517160
20
15.678700
11
-417.672912
21
15.983254
0
LINE
8
Layer 1
10
-417.672912
20
15.983254
11
-417.059953
21
16.334302
0
LINE
8
Layer 1
10
-417.059953
20
16.334302
11
-416.641765
21
17.223008
0
LINE
8
Layer 1
10
-416.641765
20
17.223008
11
-416.381833
21
19.140534
0
LINE
8
Layer 1
10
-416.381833
20
19.140534
11
-416.190668
21
28.026699
0
LINE
8
Layer 1
10
-416.190668
20
28.026699
11
-416.194330
21
46.922100
0
LINE
8
Layer 1
10
-416.194330
20
46.922100
11
-416.198330
21
76.602700
0
LINE
8
Layer 1
10
-416.198330
20
76.602700
11
-416.789290
21
77.636150
0
LINE
8
Layer 1
10
-416.789290
20
77.636150
11
-417.501074
21
78.671760
0
LINE
8
Layer 1
10
-417.501074
20
78.671760
11
-418.290758
21
79.321186
0
LINE
8
Layer 1
10
-418.290758
20
79.321186
11
-419.288674
21
79.656207
0
LINE
8
Layer 1
10
-419.288674
20
79.656207
11
-420.625160
21
79.748600
0
LINE
8
Layer 1
10
-420.625160
20
79.748600
11
-422.114939
21
79.665144
0
LINE
8
Layer 1
10
-422.114939
20
79.665144
11
-423.307866
21
79.410510
0
LINE
8
Layer 1
10
-423.307866
20
79.410510
11
-424.272068
21
78.962548
0
LINE
8
Layer 1
10
-424.272068
20
78.962548
11
-425.075670
21
78.299110
0
LINE
8
Layer 1
10
-425.075670
20
78.299110
11
-425.846910
21
77.494220
0
LINE
8
Layer 1
10
-425.846910
20
77.494220
11
-425.979200
21
54.029720
0
LINE
8
Layer 1
10
-425.979200
20
54.029720
11
-426.111490
21
30.565220
0
LINE
8
Layer 1
10
-426.111490
20
30.565220
11
-427.147000
21
30.565100
0
LINE
8
Layer 1
10
-427.147000
20
30.565100
11
-428.183000
21
30.565100
0
LINE
8
Layer 1
10
-428.183000
20
30.565100
11
-436.464970
21
51.070300
0
LINE
8
Layer 1
10
-436.464970
20
51.070300
11
-445.427880
21
73.559900
0
LINE
8
Layer 1
10
-445.427880
20
73.559900
11
-446.123899
21
75.312865
0
LINE
8
Layer 1
10
-446.123899
20
75.312865
11
-446.925444
21
76.879771
0
LINE
8
Layer 1
10
-446.925444
20
76.879771
11
-447.760414
21
78.136224
0
LINE
8
Layer 1
10
-447.760414
20
78.136224
11
-448.556710
21
78.957830
0
LINE
8
Layer 1
10
-448.556710
20
78.957830
11
-449.096967
21
79.262101
0
LINE
8
Layer 1
10
-449.096967
20
79.262101
11
-449.967103
21
79.440231
0
LINE
8
Layer 1
10
-449.967103
20
79.440231
11
-454.334880
21
79.600140
0
LINE
8
Layer 1
10
-454.334880
20
79.600140
11
-457.721529
21
79.619691
0
LINE
8
Layer 1
10
-457.721529
20
79.619691
11
-459.701634
21
79.433447
0
LINE
8
Layer 1
10
-459.701634
20
79.433447
11
-460.911637
21
78.897265
0
LINE
8
Layer 1
10
-460.911637
20
78.897265
11
-461.987980
21
77.867000
0
LINE
8
Layer 1
10
-461.987980
20
77.867000
11
-463.085300
21
76.676550
0
LINE
8
Layer 1
10
-463.085300
20
76.676550
11
-462.911420
21
50.974950
0
LINE
8
Layer 1
10
-462.911420
20
50.974950
11
-462.612210
21
20.246350
0
LINE
8
Layer 1
10
-462.612210
20
20.246350
11
-462.489180
21
14.896540
0
LINE
8
Layer 1
10
-462.489180
20
14.896540
11
-462.163571
21
14.515260
0
LINE
8
Layer 1
10
-462.163571
20
14.515260
11
-461.286871
21
14.207698
0
LINE
8
Layer 1
10
-461.286871
20
14.207698
11
-458.516960
21
13.848544
0
LINE
8
Layer 1
10
-458.516960
20
13.848544
11
-455.452974
21
13.888710
0
LINE
8
Layer 1
10
-455.452974
20
13.888710
11
-454.208680
21
14.080299
0
LINE
8
Layer 1
10
-454.208680
20
14.080299
11
-453.368440
21
14.397830
0
LINE
8
Layer 1
10
-453.368440
20
14.397830
11
-453.368990
21
14.397860
0
LINE
8
Layer 1
10
-319.882990
20
12.937900
11
-321.503766
21
13.671581
0
LINE
8
Layer 1
10
-321.503766
20
13.671581
11
-322.747420
21
14.639180
0
LINE
8
Layer 1
10
-322.747420
20
14.639180
11
-323.364610
21
15.299970
0
LINE
8
Layer 1
10
-323.364610
20
15.299970
11
-323.335910
21
46.572970
0
LINE
8
Layer 1
10
-323.335910
20
46.572970
11
-323.310331
21
66.208648
0
LINE
8
Layer 1
10
-323.310331
20
66.208648
11
-323.136633
21
75.747545
0
LINE
8
Layer 1
10
-323.136633
20
75.747545
11
-322.926429
21
77.959839
0
LINE
8
Layer 1
10
-322.926429
20
77.959839
11
-322.597823
21
79.122904
0
LINE
8
Layer 1
10
-322.597823
20
79.122904
11
-322.123691
21
79.728396
0
LINE
8
Layer 1
10
-322.123691
20
79.728396
11
-321.476910
21
80.267970
0
LINE
8
Layer 1
10
-321.476910
20
80.267970
11
-320.392430
21
81.247720
0
LINE
8
Layer 1
10
-320.392430
20
81.247720
11
-303.381730
21
81.174120
0
LINE
8
Layer 1
10
-303.381730
20
81.174120
11
-286.370930
21
81.100520
0
LINE
8
Layer 1
10
-286.370930
20
81.100520
11
-284.093720
21
79.971950
0
LINE
8
Layer 1
10
-284.093720
20
79.971950
11
-282.000260
21
78.708164
0
LINE
8
Layer 1
10
-282.000260
20
78.708164
11
-279.936106
21
77.063541
0
LINE
8
Layer 1
10
-279.936106
20
77.063541
11
-278.115885
21
75.230251
0
LINE
8
Layer 1
10
-278.115885
20
75.230251
11
-276.754220
21
73.400460
0
LINE
8
Layer 1
10
-276.754220
20
73.400460
11
-275.828180
21
71.860620
0
LINE
8
Layer 1
10
-275.828180
20
71.860620
11
-275.828000
21
46.582700
0
LINE
8
Layer 1
10
-275.828000
20
46.582700
11
-275.898738
21
24.326725
0
LINE
8
Layer 1
10
-275.898738
20
24.326725
11
-276.066157
21
21.201153
0
LINE
8
Layer 1
10
-276.066157
20
21.201153
11
-276.391830
21
20.114100
0
LINE
8
Layer 1
10
-276.391830
20
20.114100
11
-277.611772
21
18.160956
0
LINE
8
Layer 1
10
-277.611772
20
18.160956
11
-279.293707
21
16.343580
0
LINE
8
Layer 1
10
-279.293707
20
16.343580
11
-281.268905
21
14.816289
0
LINE
8
Layer 1
10
-281.268905
20
14.816289
11
-283.368630
21
13.733400
0
LINE
8
Layer 1
10
-283.368630
20
13.733400
11
-284.415712
21
13.419045
0
LINE
8
Layer 1
10
-284.415712
20
13.419045
11
-286.153554
21
13.257560
0
LINE
8
Layer 1
10
-286.153554
20
13.257560
11
-295.933030
21
13.220440
0
LINE
8
Layer 1
10
-295.933030
20
13.220440
11
-302.931733
21
13.263126
0
LINE
8
Layer 1
10
-302.931733
20
13.263126
11
-306.431030
21
13.445456
0
LINE
8
Layer 1
10
-306.431030
20
13.445456
11
-307.294255
21
13.650357
0
LINE
8
Layer 1
10
-307.294255
20
13.650357
11
-307.793652
21
13.963810
0
LINE
8
Layer 1
10
-307.793652
20
13.963810
11
-308.382330
21
15.014570
0
LINE
8
Layer 1
10
-308.382330
20
15.014570
11
-308.723040
21
16.268730
0
LINE
8
Layer 1
10
-308.723040
20
16.268730
11
-308.833536
21
17.875496
0
LINE
8
Layer 1
10
-308.833536
20
17.875496
11
-308.714730
21
19.484897
0
LINE
8
Layer 1
10
-308.714730
20
19.484897
11
-308.367530
21
20.746960
0
LINE
8
Layer 1
10
-308.367530
20
20.746960
11
-307.698682
21
21.914508
0
LINE
8
Layer 1
10
-307.698682
20
21.914508
11
-307.212067
21
22.268877
0
LINE
8
Layer 1
10
-307.212067
20
22.268877
11
-306.452570
21
22.503841
0
LINE
8
Layer 1
10
-306.452570
20
22.503841
11
-303.600663
21
22.716159
0
LINE
8
Layer 1
10
-303.600663
20
22.716159
11
-298.114430
21
22.752660
0
LINE
8
Layer 1
10
-298.114430
20
22.752660
11
-292.601890
21
22.785490
0
LINE
8
Layer 1
10
-292.601890
20
22.785490
11
-289.830466
21
23.004650
0
LINE
8
Layer 1
10
-289.830466
20
23.004650
11
-289.152437
21
23.255504
0
LINE
8
Layer 1
10
-289.152437
20
23.255504
11
-288.775404
21
23.638620
0
LINE
8
Layer 1
10
-288.775404
20
23.638620
11
-288.411950
21
24.915880
0
LINE
8
Layer 1
10
-288.411950
20
24.915880
11
-288.203601
21
31.195515
0
LINE
8
Layer 1
10
-288.203601
20
31.195515
11
-288.136890
21
47.180780
0
LINE
8
Layer 1
10
-288.136890
20
47.180780
11
-288.212766
21
65.224355
0
LINE
8
Layer 1
10
-288.212766
20
65.224355
11
-288.359082
21
68.117142
0
LINE
8
Layer 1
10
-288.359082
20
68.117142
11
-288.628400
21
69.205280
0
LINE
8
Layer 1
10
-288.628400
20
69.205280
11
-289.152994
21
70.075404
0
LINE
8
Layer 1
10
-289.152994
20
70.075404
11
-289.863047
21
70.877086
0
LINE
8
Layer 1
10
-289.863047
20
70.877086
11
-290.646830
21
71.503510
0
LINE
8
Layer 1
10
-290.646830
20
71.503510
11
-291.392610
21
71.847860
0
LINE
8
Layer 1
10
-291.392610
20
71.847860
11
-301.492510
21
71.913960
0
LINE
8
Layer 1
10
-301.492510
20
71.913960
11
-311.017510
21
71.840160
0
LINE
8
Layer 1
10
-311.017510
20
71.840160
11
-311.073310
21
43.672960
0
LINE
8
Layer 1
10
-311.073310
20
43.672960
11
-311.111961
21
25.666312
0
LINE
8
Layer 1
10
-311.111961
20
25.666312
11
-311.322226
21
17.097222
0
LINE
8
Layer 1
10
-311.322226
20
17.097222
11
-311.580360
21
15.198898
0
LINE
8
Layer 1
10
-311.580360
20
15.198898
11
-311.987773
21
14.276527
0
LINE
8
Layer 1
10
-311.987773
20
14.276527
11
-312.579924
21
13.868963
0
LINE
8
Layer 1
10
-312.579924
20
13.868963
11
-313.392270
21
13.515060
0
LINE
8
Layer 1
10
-313.392270
20
13.515060
11
-314.861120
21
12.982815
0
LINE
8
Layer 1
10
-314.861120
20
12.982815
11
-316.936810
21
12.793500
0
LINE
8
Layer 1
10
-316.936810
20
12.793500
11
-318.743867
21
12.806165
0
LINE
8
Layer 1
10
-318.743867
20
12.806165
11
-319.882810
21
12.938020
0
LINE
8
Layer 1
10
-319.882810
20
12.938020
11
-319.882990
21
12.937900
0
LINE
8
Layer 1
10
-314.411800
20
14.806060
11
-313.695815
21
15.086716
0
LINE
8
Layer 1
10
-313.695815
20
15.086716
11
-313.172712
21
15.467858
0
LINE
8
Layer 1
10
-313.172712
20
15.467858
11
-312.814818
21
16.377419
0
LINE
8
Layer 1
10
-312.814818
20
16.377419
11
-312.594456
21
18.243331
0
LINE
8
Layer 1
10
-312.594456
20
18.243331
11
-312.455635
21
26.555944
0
LINE
8
Layer 1
10
-312.455635
20
26.555944
11
-312.534850
21
43.829160
0
LINE
8
Layer 1
10
-312.534850
20
43.829160
11
-312.568400
21
63.269323
0
LINE
8
Layer 1
10
-312.568400
20
63.269323
11
-312.458550
21
71.903860
0
LINE
8
Layer 1
10
-312.458550
20
71.903860
11
-312.206106
21
72.632649
0
LINE
8
Layer 1
10
-312.206106
20
72.632649
11
-311.896760
21
73.065330
0
LINE
8
Layer 1
10
-311.896760
20
73.065330
11
-308.579679
21
73.222790
0
LINE
8
Layer 1
10
-308.579679
20
73.222790
11
-301.095860
21
73.289860
0
LINE
8
Layer 1
10
-301.095860
20
73.289860
11
-291.857835
21
73.216328
0
LINE
8
Layer 1
10
-291.857835
20
73.216328
11
-290.406391
21
73.040000
0
LINE
8
Layer 1
10
-290.406391
20
73.040000
11
-289.672660
21
72.698600
0
LINE
8
Layer 1
10
-289.672660
20
72.698600
11
-288.318650
21
71.573937
0
LINE
8
Layer 1
10
-288.318650
20
71.573937
11
-287.242590
21
69.934970
0
LINE
8
Layer 1
10
-287.242590
20
69.934970
11
-287.009122
21
68.827733
0
LINE
8
Layer 1
10
-287.009122
20
68.827733
11
-286.878240
21
65.620921
0
LINE
8
Layer 1
10
-286.878240
20
65.620921
11
-286.808310
21
46.709270
0
LINE
8
Layer 1
10
-286.808310
20
46.709270
11
-286.823532
21
32.687318
0
LINE
8
Layer 1
10
-286.823532
20
32.687318
11
-286.980863
21
25.625732
0
LINE
8
Layer 1
10
-286.980863
20
25.625732
11
-287.165161
21
23.884304
0
LINE
8
Layer 1
10
-287.165161
20
23.884304
11
-287.447797
21
22.898040
0
LINE
8
Layer 1
10
-287.447797
20
22.898040
11
-287.849707
21
22.338632
0
LINE
8
Layer 1
10
-287.849707
20
22.338632
11
-288.391830
21
21.877770
0
LINE
8
Layer 1
10
-288.391830
20
21.877770
11
-289.253550
21
21.152680
0
LINE
8
Layer 1
10
-289.253550
20
21.152680
11
-297.723870
21
21.183580
0
LINE
8
Layer 1
10
-297.723870
20
21.183580
11
-304.605048
21
21.137085
0
LINE
8
Layer 1
10
-304.605048
20
21.137085
11
-306.018793
21
21.030597
0
LINE
8
Layer 1
10
-306.018793
20
21.030597
11
-306.558050
21
20.850620
0
LINE
8
Layer 1
10
-306.558050
20
20.850620
11
-306.974773
21
20.080751
0
LINE
8
Layer 1
10
-306.974773
20
20.080751
11
-307.250431
21
18.907186
0
LINE
8
Layer 1
10
-307.250431
20
18.907186
11
-307.342559
21
17.614666
0
LINE
8
Layer 1
10
-307.342559
20
17.614666
11
-307.208690
21
16.487930
0
LINE
8
Layer 1
10
-307.208690
20
16.487930
11
-306.804056
21
15.311356
0
LINE
8
Layer 1
10
-306.804056
20
15.311356
11
-306.377341
21
14.964795
0
LINE
8
Layer 1
10
-306.377341
20
14.964795
11
-305.586975
21
14.744920
0
LINE
8
Layer 1
10
-305.586975
20
14.744920
11
-302.273127
21
14.581834
0
LINE
8
Layer 1
10
-302.273127
20
14.581834
11
-295.578190
21
14.615310
0
LINE
8
Layer 1
10
-295.578190
20
14.615310
11
-285.088590
21
14.690110
0
LINE
8
Layer 1
10
-285.088590
20
14.690110
11
-283.300390
21
15.537160
0
LINE
8
Layer 1
10
-283.300390
20
15.537160
11
-281.658923
21
16.491931
0
LINE
8
Layer 1
10
-281.658923
20
16.491931
11
-280.154370
21
17.703116
0
LINE
8
Layer 1
10
-280.154370
20
17.703116
11
-278.895180
21
19.069569
0
LINE
8
Layer 1
10
-278.895180
20
19.069569
11
-277.989800
21
20.490140
0
LINE
8
Layer 1
10
-277.989800
20
20.490140
11
-277.283380
21
21.932840
0
LINE
8
Layer 1
10
-277.283380
20
21.932840
11
-277.284000
21
46.432300
0
LINE
8
Layer 1
10
-277.284000
20
46.432300
11
-277.284000
21
70.931700
0
LINE
8
Layer 1
10
-277.284000
20
70.931700
11
-277.917900
21
72.179670
0
LINE
8
Layer 1
10
-277.917900
20
72.179670
11
-278.736744
21
73.513160
0
LINE
8
Layer 1
10
-278.736744
20
73.513160
11
-279.820974
21
74.832148
0
LINE
8
Layer 1
10
-279.820974
20
74.832148
11
-281.136577
21
76.099966
0
LINE
8
Layer 1
10
-281.136577
20
76.099966
11
-282.649540
21
77.279950
0
LINE
8
Layer 1
10
-282.649540
20
77.279950
11
-284.795323
21
78.686860
0
LINE
8
Layer 1
10
-284.795323
20
78.686860
11
-285.929407
21
79.106346
0
LINE
8
Layer 1
10
-285.929407
20
79.106346
11
-287.484552
21
79.379632
0
LINE
8
Layer 1
10
-287.484552
20
79.379632
11
-292.998826
21
79.616949
0
LINE
8
Layer 1
10
-292.998826
20
79.616949
11
-303.619740
21
79.657490
0
LINE
8
Layer 1
10
-303.619740
20
79.657490
11
-319.937840
21
79.690690
0
LINE
8
Layer 1
10
-319.937840
20
79.690690
11
-320.709500
21
78.951390
0
LINE
8
Layer 1
10
-320.709500
20
78.951390
11
-321.335054
21
78.154006
0
LINE
8
Layer 1
10
-321.335054
20
78.154006
11
-321.755430
21
77.275060
0
LINE
8
Layer 1
10
-321.755430
20
77.275060
11
-321.941436
21
69.078924
0
LINE
8
Layer 1
10
-321.941436
20
69.078924
11
-321.947960
21
46.118760
0
LINE
8
Layer 1
10
-321.947960
20
46.118760
11
-321.811054
21
20.702185
0
LINE
8
Layer 1
10
-321.811054
20
20.702185
11
-321.672421
21
16.585626
0
LINE
8
Layer 1
10
-321.672421
20
16.585626
11
-321.442090
21
15.475460
0
LINE
8
Layer 1
10
-321.442090
20
15.475460
11
-320.877515
21
15.066817
0
LINE
8
Layer 1
10
-320.877515
20
15.066817
11
-320.116192
21
14.740836
0
LINE
8
Layer 1
10
-320.116192
20
14.740836
11
-318.217289
21
14.357231
0
LINE
8
Layer 1
10
-318.217289
20
14.357231
11
-316.173356
21
14.365399
0
LINE
8
Layer 1
10
-316.173356
20
14.365399
11
-314.412370
21
14.806090
0
LINE
8
Layer 1
10
-314.412370
20
14.806090
11
-314.411800
21
14.806060
0
LINE
8
Layer 1
10
-257.066600
20
12.922670
11
-258.311169
21
13.242190
0
LINE
8
Layer 1
10
-258.311169
20
13.242190
11
-259.592975
21
13.773728
0
LINE
8
Layer 1
10
-259.592975
20
13.773728
11
-260.871292
21
14.485839
0
LINE
8
Layer 1
10
-260.871292
20
14.485839
11
-262.105393
21
15.347077
0
LINE
8
Layer 1
10
-262.105393
20
15.347077
11
-263.254551
21
16.325997
0
LINE
8
Layer 1
10
-263.254551
20
16.325997
11
-264.278041
21
17.391153
0
LINE
8
Layer 1
10
-264.278041
20
17.391153
11
-265.135136
21
18.511099
0
LINE
8
Layer 1
10
-265.135136
20
18.511099
11
-265.785110
21
19.654390
0
LINE
8
Layer 1
10
-265.785110
20
19.654390
11
-266.430280
21
21.040130
0
LINE
8
Layer 1
10
-266.430280
20
21.040130
11
-266.433280
21
38.781430
0
LINE
8
Layer 1
10
-266.433280
20
38.781430
11
-266.436280
21
56.522730
0
LINE
8
Layer 1
10
-266.436280
20
56.522730
11
-265.726860
21
57.963740
0
LINE
8
Layer 1
10
-265.726860
20
57.963740
11
-264.697330
21
59.498312
0
LINE
8
Layer 1
10
-264.697330
20
59.498312
11
-263.109879
21
61.291232
0
LINE
8
Layer 1
10
-263.109879
20
61.291232
11
-261.321553
21
62.974799
0
LINE
8
Layer 1
10
-261.321553
20
62.974799
11
-259.689400
21
64.181310
0
LINE
8
Layer 1
10
-259.689400
20
64.181310
11
-258.897481
21
64.607000
0
LINE
8
Layer 1
10
-258.897481
20
64.607000
11
-258.163162
21
64.842515
0
LINE
8
Layer 1
10
-258.163162
20
64.842515
11
-255.720650
21
64.971250
0
LINE
8
Layer 1
10
-255.720650
20
64.971250
11
-243.428750
21
65.054550
0
LINE
8
Layer 1
10
-243.428750
20
65.054550
11
-233.782620
21
65.127250
0
LINE
8
Layer 1
10
-233.782620
20
65.127250
11
-231.826900
21
64.134580
0
LINE
8
Layer 1
10
-231.826900
20
64.134580
11
-229.722711
21
62.839051
0
LINE
8
Layer 1
10
-229.722711
20
62.839051
11
-227.793976
21
61.216372
0
LINE
8
Layer 1
10
-227.793976
20
61.216372
11
-226.166413
21
59.388520
0
LINE
8
Layer 1
10
-226.166413
20
59.388520
11
-224.965740
21
57.477470
0
LINE
8
Layer 1
10
-224.965740
20
57.477470
11
-223.970700
21
55.464920
0
LINE
8
Layer 1
10
-223.970700
20
55.464920
11
-223.894700
21
46.394390
0
LINE
8
Layer 1
10
-223.894700
20
46.394390
11
-223.905379
21
38.705777
0
LINE
8
Layer 1
10
-223.905379
20
38.705777
11
-224.027603
21
37.205727
0
LINE
8
Layer 1
10
-224.027603
20
37.205727
11
-224.257330
21
36.458010
0
LINE
8
Layer 1
10
-224.257330
20
36.458010
11
-225.212477
21
35.037022
0
LINE
8
Layer 1
10
-225.212477
20
35.037022
11
-226.565050
21
34.095960
0
LINE
8
Layer 1
10
-226.565050
20
34.095960
11
-227.385364
21
33.810953
0
LINE
8
Layer 1
10
-227.385364
20
33.810953
11
-229.082392
21
33.666774
0
LINE
8
Layer 1
10
-229.082392
20
33.666774
11
-239.153750
21
33.661090
0
LINE
8
Layer 1
10
-239.153750
20
33.661090
11
-250.735550
21
33.740090
0
LINE
8
Layer 1
10
-250.735550
20
33.740090
11
-251.734850
21
34.502570
0
LINE
8
Layer 1
10
-251.734850
20
34.502570
11
-252.598579
21
35.330096
0
LINE
8
Layer 1
10
-252.598579
20
35.330096
11
-253.143500
21
36.299904
0
LINE
8
Layer 1
10
-253.143500
20
36.299904
11
-253.407216
21
37.513527
0
LINE
8
Layer 1
10
-253.407216
20
37.513527
11
-253.427330
21
39.072500
0
LINE
8
Layer 1
10
-253.427330
20
39.072500
11
-253.284028
21
40.400799
0
LINE
8
Layer 1
10
-253.284028
20
40.400799
11
-252.963817
21
41.401826
0
LINE
8
Layer 1
10
-252.963817
20
41.401826
11
-252.398121
21
42.216106
0
LINE
8
Layer 1
10
-252.398121
20
42.216106
11
-251.518360
21
42.984160
0
LINE
8
Layer 1
10
-251.518360
20
42.984160
11
-250.943038
21
43.288497
0
LINE
8
Layer 1
10
-250.943038
20
43.288497
11
-249.835490
21
43.461442
0
LINE
8
Layer 1
10
-249.835490
20
43.461442
11
-243.531060
21
43.607780
0
LINE
8
Layer 1
10
-243.531060
20
43.607780
11
-236.273840
21
43.685880
0
LINE
8
Layer 1
10
-236.273840
20
43.685880
11
-236.274000
21
48.579200
0
LINE
8
Layer 1
10
-236.274000
20
48.579200
11
-236.360861
21
52.822059
0
LINE
8
Layer 1
10
-236.360861
20
52.822059
11
-236.517375
21
53.794766
0
LINE
8
Layer 1
10
-236.517375
20
53.794766
11
-236.791890
21
54.487730
0
LINE
8
Layer 1
10
-236.791890
20
54.487730
11
-237.287224
21
55.254401
0
LINE
8
Layer 1
10
-237.287224
20
55.254401
11
-237.750870
21
55.672150
0
LINE
8
Layer 1
10
-237.750870
20
55.672150
11
-244.839750
21
55.981790
0
LINE
8
Layer 1
10
-244.839750
20
55.981790
11
-251.487540
21
56.122170
0
LINE
8
Layer 1
10
-251.487540
20
56.122170
11
-252.942750
21
55.247560
0
LINE
8
Layer 1
10
-252.942750
20
55.247560
11
-254.146081
21
54.362090
0
LINE
8
Layer 1
10
-254.146081
20
54.362090
11
-254.713750
21
53.449200
0
LINE
8
Layer 1
10
-254.713750
20
53.449200
11
-254.960584
21
49.573024
0
LINE
8
Layer 1
10
-254.960584
20
49.573024
11
-255.044480
21
38.721300
0
LINE
8
Layer 1
10
-255.044480
20
38.721300
11
-255.059380
21
24.917100
0
LINE
8
Layer 1
10
-255.059380
20
24.917100
11
-254.366410
21
24.093540
0
LINE
8
Layer 1
10
-254.366410
20
24.093540
11
-253.396476
21
23.115180
0
LINE
8
Layer 1
10
-253.396476
20
23.115180
11
-252.837207
21
22.808519
0
LINE
8
Layer 1
10
-252.837207
20
22.808519
11
-252.102955
21
22.598955
0
LINE
8
Layer 1
10
-252.102955
20
22.598955
11
-249.733154
21
22.397378
0
LINE
8
Layer 1
10
-249.733154
20
22.397378
11
-245.534380
21
22.362960
0
LINE
8
Layer 1
10
-245.534380
20
22.362960
11
-239.792364
21
22.446863
0
LINE
8
Layer 1
10
-239.792364
20
22.446863
11
-238.690000
21
22.627822
0
LINE
8
Layer 1
10
-238.690000
20
22.627822
11
-237.916950
21
22.969080
0
LINE
8
Layer 1
10
-237.916950
20
22.969080
11
-237.038715
21
23.593210
0
LINE
8
Layer 1
10
-237.038715
20
23.593210
11
-236.527890
21
24.243080
0
LINE
8
Layer 1
10
-236.527890
20
24.243080
11
-236.348557
21
25.461379
0
LINE
8
Layer 1
10
-236.348557
20
25.461379
11
-236.273970
21
27.452620
0
LINE
8
Layer 1
10
-236.273970
20
27.452620
11
-236.274000
21
29.994300
0
LINE
8
Layer 1
10
-236.274000
20
29.994300
11
-235.121540
21
31.098550
0
LINE
8
Layer 1
10
-235.121540
20
31.098550
11
-234.195548
21
31.808639
0
LINE
8
Layer 1
10
-234.195548
20
31.808639
11
-233.122745
21
32.327912
0
LINE
8
Layer 1
10
-233.122745
20
32.327912
11
-231.940025
21
32.655286
0
LINE
8
Layer 1
10
-231.940025
20
32.655286
11
-230.684280
21
32.789680
0
LINE
8
Layer 1
10
-230.684280
20
32.789680
11
-229.392404
21
32.730012
0
LINE
8
Layer 1
10
-229.392404
20
32.730012
11
-228.101290
21
32.475198
0
LINE
8
Layer 1
10
-228.101290
20
32.475198
11
-226.847831
21
32.024159
0
LINE
8
Layer 1
10
-226.847831
20
32.024159
11
-225.668920
21
31.375810
0
LINE
8
Layer 1
10
-225.668920
20
31.375810
11
-224.593691
21
30.555843
0
LINE
8
Layer 1
10
-224.593691
20
30.555843
11
-224.035779
21
29.596654
0
LINE
8
Layer 1
10
-224.035779
20
29.596654
11
-223.852145
21
28.006495
0
LINE
8
Layer 1
10
-223.852145
20
28.006495
11
-223.899750
21
25.293620
0
LINE
8
Layer 1
10
-223.899750
20
25.293620
11
-224.125714
21
21.630119
0
LINE
8
Layer 1
10
-224.125714
20
21.630119
11
-224.365892
21
20.719889
0
LINE
8
Layer 1
10
-224.365892
20
20.719889
11
-224.781690
21
19.864980
0
LINE
8
Layer 1
10
-224.781690
20
19.864980
11
-225.839312
21
18.370219
0
LINE
8
Layer 1
10
-225.839312
20
18.370219
11
-227.360281
21
16.797365
0
LINE
8
Layer 1
10
-227.360281
20
16.797365
11
-229.142492
21
15.332293
0
LINE
8
Layer 1
10
-229.142492
20
15.332293
11
-230.983840
21
14.160880
0
LINE
8
Layer 1
10
-230.983840
20
14.160880
11
-232.966700
21
13.102550
0
LINE
8
Layer 1
10
-232.966700
20
13.102550
11
-244.764500
21
12.970260
0
LINE
8
Layer 1
10
-244.764500
20
12.970260
11
-257.067600
21
12.922560
0
LINE
8
Layer 1
10
-257.067600
20
12.922560
11
-257.066600
21
12.922670
0
LINE
8
Layer 1
10
-231.958100
20
15.432750
11
-230.121530
21
16.517841
0
LINE
8
Layer 1
10
-230.121530
20
16.517841
11
-228.440659
21
17.842461
0
LINE
8
Layer 1
10
-228.440659
20
17.842461
11
-227.055008
21
19.280895
0
LINE
8
Layer 1
10
-227.055008
20
19.280895
11
-226.104100
21
20.707430
0
LINE
8
Layer 1
10
-226.104100
20
20.707430
11
-225.732279
21
21.547337
0
LINE
8
Layer 1
10
-225.732279
20
21.547337
11
-225.528388
21
22.415516
0
LINE
8
Layer 1
10
-225.528388
20
22.415516
11
-225.425070
21
25.703080
0
LINE
8
Layer 1
10
-225.425070
20
25.703080
11
-225.513801
21
28.943447
0
LINE
8
Layer 1
10
-225.513801
20
28.943447
11
-225.721163
21
29.509183
0
LINE
8
Layer 1
10
-225.721163
20
29.509183
11
-226.122920
21
29.885020
0
LINE
8
Layer 1
10
-226.122920
20
29.885020
11
-227.565601
21
30.655156
0
LINE
8
Layer 1
10
-227.565601
20
30.655156
11
-229.352886
21
31.095660
0
LINE
8
Layer 1
10
-229.352886
20
31.095660
11
-231.185975
21
31.164494
0
LINE
8
Layer 1
10
-231.185975
20
31.164494
11
-232.766070
21
30.819620
0
LINE
8
Layer 1
10
-232.766070
20
30.819620
11
-233.797707
21
30.316832
0
LINE
8
Layer 1
10
-233.797707
20
30.316832
11
-234.376740
21
29.749713
0
LINE
8
Layer 1
10
-234.376740
20
29.749713
11
-234.631908
21
28.899532
0
LINE
8
Layer 1
10
-234.631908
20
28.899532
11
-234.691950
21
27.547560
0
LINE
8
Layer 1
10
-234.691950
20
27.547560
11
-234.764311
21
25.881668
0
LINE
8
Layer 1
10
-234.764311
20
25.881668
11
-234.962333
21
24.476998
0
LINE
8
Layer 1
10
-234.962333
20
24.476998
11
-235.275423
21
23.385763
0
LINE
8
Layer 1
10
-235.275423
20
23.385763
11
-235.692990
21
22.660180
0
LINE
8
Layer 1
10
-235.692990
20
22.660180
11
-236.397790
21
22.121400
0
LINE
8
Layer 1
10
-236.397790
20
22.121400
11
-237.463610
21
21.534380
0
LINE
8
Layer 1
10
-237.463610
20
21.534380
11
-238.346276
21
21.183560
0
LINE
8
Layer 1
10
-238.346276
20
21.183560
11
-239.529268
21
20.998539
0
LINE
8
Layer 1
10
-239.529268
20
20.998539
11
-245.533400
21
20.916230
0
LINE
8
Layer 1
10
-245.533400
20
20.916230
11
-250.082680
21
20.964668
0
LINE
8
Layer 1
10
-250.082680
20
20.964668
11
-252.708626
21
21.219062
0
LINE
8
Layer 1
10
-252.708626
20
21.219062
11
-253.551395
21
21.477436
0
LINE
8
Layer 1
10
-253.551395
20
21.477436
11
-254.214585
21
21.852030
0
LINE
8
Layer 1
10
-254.214585
20
21.852030
11
-255.403900
21
23.036190
0
LINE
8
Layer 1
10
-255.403900
20
23.036190
11
-256.381320
21
24.178090
0
LINE
8
Layer 1
10
-256.381320
20
24.178090
11
-256.382000
21
39.040300
0
LINE
8
Layer 1
10
-256.382000
20
39.040300
11
-256.382000
21
53.902500
0
LINE
8
Layer 1
10
-256.382000
20
53.902500
11
-255.777820
21
54.801520
0
LINE
8
Layer 1
10
-255.777820
20
54.801520
11
-254.929691
21
55.689050
0
LINE
8
Layer 1
10
-254.929691
20
55.689050
11
-253.739000
21
56.560440
0
LINE
8
Layer 1
10
-253.739000
20
56.560440
11
-252.304370
21
57.420340
0
LINE
8
Layer 1
10
-252.304370
20
57.420340
11
-245.148910
21
57.419920
0
LINE
8
Layer 1
10
-245.148910
20
57.419920
11
-240.237199
21
57.378534
0
LINE
8
Layer 1
10
-240.237199
20
57.378534
11
-237.562732
21
57.113074
0
LINE
8
Layer 1
10
-237.562732
20
57.113074
11
-236.790109
21
56.829742
0
LINE
8
Layer 1
10
-236.790109
20
56.829742
11
-236.247570
21
56.410504
0
LINE
8
Layer 1
10
-236.247570
20
56.410504
11
-235.413770
21
55.057790
0
LINE
8
Layer 1
10
-235.413770
20
55.057790
11
-234.994502
21
54.140628
0
LINE
8
Layer 1
10
-234.994502
20
54.140628
11
-234.778343
21
53.106570
0
LINE
8
Layer 1
10
-234.778343
20
53.106570
11
-234.686170
21
48.121780
0
LINE
8
Layer 1
10
-234.686170
20
48.121780
11
-234.761766
21
43.394176
0
LINE
8
Layer 1
10
-234.761766
20
43.394176
11
-234.915151
21
42.632510
0
LINE
8
Layer 1
10
-234.915151
20
42.632510
11
-235.197940
21
42.348390
0
LINE
8
Layer 1
10
-235.197940
20
42.348390
11
-237.515250
21
42.147808
0
LINE
8
Layer 1
10
-237.515250
20
42.147808
11
-242.967470
21
42.074500
0
LINE
8
Layer 1
10
-242.967470
20
42.074500
11
-249.289840
21
41.997094
0
LINE
8
Layer 1
10
-249.289840
20
41.997094
11
-250.369326
21
41.834601
0
LINE
8
Layer 1
10
-250.369326
20
41.834601
11
-250.915980
21
41.531150
0
LINE
8
Layer 1
10
-250.915980
20
41.531150
11
-251.398721
21
41.014076
0
LINE
8
Layer 1
10
-251.398721
20
41.014076
11
-251.748816
21
40.355775
0
LINE
8
Layer 1
10
-251.748816
20
40.355775
11
-252.047828
21
38.792828
0
LINE
8
Layer 1
10
-252.047828
20
38.792828
11
-251.806536
21
37.196989
0
LINE
8
Layer 1
10
-251.806536
20
37.196989
11
-251.481251
21
36.497573
0
LINE
8
Layer 1
10
-251.481251
20
36.497573
11
-251.018460
21
35.922940
0
LINE
8
Layer 1
10
-251.018460
20
35.922940
11
-250.240620
21
35.195340
0
LINE
8
Layer 1
10
-250.240620
20
35.195340
11
-239.010000
21
35.195300
0
LINE
8
Layer 1
10
-239.010000
20
35.195300
11
-231.837367
21
35.220224
0
LINE
8
Layer 1
10
-231.837367
20
35.220224
11
-228.077263
21
35.399940
0
LINE
8
Layer 1
10
-228.077263
20
35.399940
11
-227.083601
21
35.597038
0
LINE
8
Layer 1
10
-227.083601
20
35.597038
11
-226.471102
21
35.891866
0
LINE
8
Layer 1
10
-226.471102
20
35.891866
11
-226.082442
21
36.304101
0
LINE
8
Layer 1
10
-226.082442
20
36.304101
11
-225.760300
21
36.853420
0
LINE
8
Layer 1
10
-225.760300
20
36.853420
11
-225.510298
21
37.564130
0
LINE
8
Layer 1
10
-225.510298
20
37.564130
11
-225.373085
21
38.953069
0
LINE
8
Layer 1
10
-225.373085
20
38.953069
11
-225.321000
21
46.246280
0
LINE
8
Layer 1
10
-225.321000
20
46.246280
11
-225.349200
21
54.783730
0
LINE
8
Layer 1
10
-225.349200
20
54.783730
11
-226.318430
21
56.744840
0
LINE
8
Layer 1
10
-226.318430
20
56.744840
11
-227.423124
21
58.515601
0
LINE
8
Layer 1
10
-227.423124
20
58.515601
11
-228.897973
21
60.179625
0
LINE
8
Layer 1
10
-228.897973
20
60.179625
11
-230.638768
21
61.635794
0
LINE
8
Layer 1
10
-230.638768
20
61.635794
11
-232.541300
21
62.782990
0
LINE
8
Layer 1
10
-232.541300
20
62.782990
11
-234.278670
21
63.638000
0
LINE
8
Layer 1
10
-234.278670
20
63.638000
11
-246.057570
21
63.542900
0
LINE
8
Layer 1
10
-246.057570
20
63.542900
11
-257.836470
21
63.447800
0
LINE
8
Layer 1
10
-257.836470
20
63.447800
11
-259.027090
21
62.761480
0
LINE
8
Layer 1
10
-259.027090
20
62.761480
11
-260.530475
21
61.672009
0
LINE
8
Layer 1
10
-260.530475
20
61.672009
11
-262.103799
21
60.179732
0
LINE
8
Layer 1
10
-262.103799
20
60.179732
11
-263.485098
21
58.560522
0
LINE
8
Layer 1
10
-263.485098
20
58.560522
11
-264.412410
21
57.090250
0
LINE
8
Layer 1
10
-264.412410
20
57.090250
11
-265.127340
21
55.569610
0
LINE
8
Layer 1
10
-265.127340
20
55.569610
11
-265.053740
21
38.437110
0
LINE
8
Layer 1
10
-265.053740
20
38.437110
11
-264.980140
21
21.304610
0
LINE
8
Layer 1
10
-264.980140
20
21.304610
11
-264.195310
21
19.887660
0
LINE
8
Layer 1
10
-264.195310
20
19.887660
11
-263.068735
21
18.302983
0
LINE
8
Layer 1
10
-263.068735
20
18.302983
11
-261.563120
21
16.842004
0
LINE
8
Layer 1
10
-261.563120
20
16.842004
11
-259.816942
21
15.619020
0
LINE
8
Layer 1
10
-259.816942
20
15.619020
11
-257.968680
21
14.748330
0
LINE
8
Layer 1
10
-257.968680
20
14.748330
11
-256.952247
21
14.530513
0
LINE
8
Layer 1
10
-256.952247
20
14.530513
11
-254.980751
21
14.409594
0
LINE
8
Layer 1
10
-254.980751
20
14.409594
11
-245.386680
21
14.376010
0
LINE
8
Layer 1
10
-245.386680
20
14.376010
11
-233.995380
21
14.425410
0
LINE
8
Layer 1
10
-233.995380
20
14.425410
11
-231.958100
21
15.432750
0
LINE
8
Layer 1
10
-207.223500
20
12.962010
11
-209.222217
21
13.373000
0
LINE
8
Layer 1
10
-209.222217
20
13.373000
11
-211.148430
21
14.189826
0
LINE
8
Layer 1
10
-211.148430
20
14.189826
11
-212.999635
21
15.411136
0
LINE
8
Layer 1
10
-212.999635
20
15.411136
11
-214.773330
21
17.035580
0
LINE
8
Layer 1
10
-214.773330
20
17.035580
11
-216.358029
21
18.885847
0
LINE
8
Layer 1
10
-216.358029
20
18.885847
11
-216.881740
21
19.733995
0
LINE
8
Layer 1
10
-216.881740
20
19.733995
11
-217.257633
21
20.625372
0
LINE
8
Layer 1
10
-217.257633
20
20.625372
11
-217.659788
21
22.821472
0
LINE
8
Layer 1
10
-217.659788
20
22.821472
11
-217.752140
21
26.041460
0
LINE
8
Layer 1
10
-217.752140
20
26.041460
11
-217.665469
21
29.572794
0
LINE
8
Layer 1
10
-217.665469
20
29.572794
11
-217.498775
21
30.307875
0
LINE
8
Layer 1
10
-217.498775
20
30.307875
11
-217.197970
21
30.801410
0
LINE
8
Layer 1
10
-217.197970
20
30.801410
11
-216.365381
21
31.599338
0
LINE
8
Layer 1
10
-216.365381
20
31.599338
11
-215.277548
21
32.185136
0
LINE
8
Layer 1
10
-215.277548
20
32.185136
11
-213.907868
21
32.569307
0
LINE
8
Layer 1
10
-213.907868
20
32.569307
11
-212.229740
21
32.762350
0
LINE
8
Layer 1
10
-212.229740
20
32.762350
11
-210.372951
21
32.769536
0
LINE
8
Layer 1
10
-210.372951
20
32.769536
11
-208.762484
21
32.576896
0
LINE
8
Layer 1
10
-208.762484
20
32.576896
11
-207.416097
21
32.187924
0
LINE
8
Layer 1
10
-207.416097
20
32.187924
11
-206.351550
21
31.606110
0
LINE
8
Layer 1
10
-206.351550
20
31.606110
11
-205.539385
21
30.896864
0
LINE
8
Layer 1
10
-205.539385
20
30.896864
11
-205.070834
21
30.089352
0
LINE
8
Layer 1
10
-205.070834
20
30.089352
11
-204.853988
21
28.918260
0
LINE
8
Layer 1
10
-204.853988
20
28.918260
11
-204.796940
21
27.118270
0
LINE
8
Layer 1
10
-204.796940
20
27.118270
11
-204.733517
21
25.327765
0
LINE
8
Layer 1
10
-204.733517
20
25.327765
11
-204.502221
21
24.175577
0
LINE
8
Layer 1
10
-204.502221
20
24.175577
11
-204.018335
21
23.437844
0
LINE
8
Layer 1
10
-204.018335
20
23.437844
11
-203.197140
21
22.890700
0
LINE
8
Layer 1
10
-203.197140
20
22.890700
11
-202.522853
21
22.693313
0
LINE
8
Layer 1
10
-202.522853
20
22.693313
11
-201.219835
21
22.572476
0
LINE
8
Layer 1
10
-201.219835
20
22.572476
11
-195.452090
21
22.495340
0
LINE
8
Layer 1
10
-195.452090
20
22.495340
11
-188.472000
21
22.495300
0
LINE
8
Layer 1
10
-188.472000
20
22.495300
11
-187.498160
21
23.469140
0
LINE
8
Layer 1
10
-187.498160
20
23.469140
11
-186.711616
21
24.431258
0
LINE
8
Layer 1
10
-186.711616
20
24.431258
11
-186.245544
21
25.533932
0
LINE
8
Layer 1
10
-186.245544
20
25.533932
11
-186.041812
21
27.000113
0
LINE
8
Layer 1
10
-186.041812
20
27.000113
11
-186.042290
21
29.052750
0
LINE
8
Layer 1
10
-186.042290
20
29.052750
11
-186.229360
21
31.455729
0
LINE
8
Layer 1
10
-186.229360
20
31.455729
11
-186.460503
21
32.007786
0
LINE
8
Layer 1
10
-186.460503
20
32.007786
11
-186.867990
21
32.477830
0
LINE
8
Layer 1
10
-186.867990
20
32.477830
11
-187.601130
21
33.210920
0
LINE
8
Layer 1
10
-187.601130
20
33.210920
11
-197.186740
21
33.343210
0
LINE
8
Layer 1
10
-197.186740
20
33.343210
11
-206.772350
21
33.475500
0
LINE
8
Layer 1
10
-206.772350
20
33.475500
11
-208.756720
21
34.530040
0
LINE
8
Layer 1
10
-208.756720
20
34.530040
11
-210.211087
21
35.417356
0
LINE
8
Layer 1
10
-210.211087
20
35.417356
11
-211.563231
21
36.472530
0
LINE
8
Layer 1
10
-211.563231
20
36.472530
11
-212.800827
21
37.678981
0
LINE
8
Layer 1
10
-212.800827
20
37.678981
11
-213.911546
21
39.020131
0
LINE
8
Layer 1
10
-213.911546
20
39.020131
11
-214.883062
21
40.479401
0
LINE
8
Layer 1
10
-214.883062
20
40.479401
11
-215.703048
21
42.040212
0
LINE
8
Layer 1
10
-215.703048
20
42.040212
11
-216.359176
21
43.685985
0
LINE
8
Layer 1
10
-216.359176
20
43.685985
11
-216.839120
21
45.400140
0
LINE
8
Layer 1
10
-216.839120
20
45.400140
11
-217.165130
21
47.755383
0
LINE
8
Layer 1
10
-217.165130
20
47.755383
11
-217.182043
21
50.312309
0
LINE
8
Layer 1
10
-217.182043
20
50.312309
11
-216.901749
21
52.841288
0
LINE
8
Layer 1
10
-216.901749
20
52.841288
11
-216.336140
21
55.112690
0
LINE
8
Layer 1
10
-216.336140
20
55.112690
11
-215.021850
21
58.066453
0
LINE
8
Layer 1
10
-215.021850
20
58.066453
11
-214.190177
21
59.392633
0
LINE
8
Layer 1
10
-214.190177
20
59.392633
11
-213.249006
21
60.610341
0
LINE
8
Layer 1
10
-213.249006
20
60.610341
11
-212.203477
21
61.713571
0
LINE
8
Layer 1
10
-212.203477
20
61.713571
11
-211.058730
21
62.696319
0
LINE
8
Layer 1
10
-211.058730
20
62.696319
11
-209.819904
21
63.552580
0
LINE
8
Layer 1
10
-209.819904
20
63.552580
11
-208.492140
21
64.276350
0
LINE
8
Layer 1
10
-208.492140
20
64.276350
11
-206.507760
21
65.225480
0
LINE
8
Layer 1
10
-206.507760
20
65.225480
11
-195.152360
21
65.299880
0
LINE
8
Layer 1
10
-195.152360
20
65.299880
11
-183.796960
21
65.374280
0
LINE
8
Layer 1
10
-183.796960
20
65.374280
11
-181.820800
21
64.435810
0
LINE
8
Layer 1
10
-181.820800
20
64.435810
11
-179.799332
21
63.198208
0
LINE
8
Layer 1
10
-179.799332
20
63.198208
11
-177.814281
21
61.502006
0
LINE
8
Layer 1
10
-177.814281
20
61.502006
11
-176.101715
21
59.578309
0
LINE
8
Layer 1
10
-176.101715
20
59.578309
11
-174.897700
21
57.658220
0
LINE
8
Layer 1
10
-174.897700
20
57.658220
11
-174.444579
21
56.624235
0
LINE
8
Layer 1
10
-174.444579
20
56.624235
11
-174.205653
21
55.671181
0
LINE
8
Layer 1
10
-174.205653
20
55.671181
11
-174.096490
21
52.111940
0
LINE
8
Layer 1
10
-174.096490
20
52.111940
11
-174.096290
21
48.258840
0
LINE
8
Layer 1
10
-174.096290
20
48.258840
11
-174.823890
21
47.578090
0
LINE
8
Layer 1
10
-174.823890
20
47.578090
11
-175.722925
21
46.867156
0
LINE
8
Layer 1
10
-175.722925
20
46.867156
11
-176.708860
21
46.361856
0
LINE
8
Layer 1
10
-176.708860
20
46.361856
11
-177.854710
21
46.033641
0
LINE
8
Layer 1
10
-177.854710
20
46.033641
11
-179.233490
21
45.853960
0
LINE
8
Layer 1
10
-179.233490
20
45.853960
11
-180.994368
21
45.858277
0
LINE
8
Layer 1
10
-180.994368
20
45.858277
11
-182.598883
21
46.137182
0
LINE
8
Layer 1
10
-182.598883
20
46.137182
11
-183.994406
21
46.676327
0
LINE
8
Layer 1
10
-183.994406
20
46.676327
11
-185.128310
21
47.461360
0
LINE
8
Layer 1
10
-185.128310
20
47.461360
11
-186.071160
21
48.325420
0
LINE
8
Layer 1
10
-186.071160
20
48.325420
11
-186.102960
21
51.135780
0
LINE
8
Layer 1
10
-186.102960
20
51.135780
11
-186.235990
21
53.674652
0
LINE
8
Layer 1
10
-186.235990
20
53.674652
11
-186.471443
21
54.242850
0
LINE
8
Layer 1
10
-186.471443
20
54.242850
11
-186.911900
21
54.757160
0
LINE
8
Layer 1
10
-186.911900
20
54.757160
11
-187.689010
21
55.568170
0
LINE
8
Layer 1
10
-187.689010
20
55.568170
11
-194.532000
21
55.568200
0
LINE
8
Layer 1
10
-194.532000
20
55.568200
11
-198.852923
21
55.540078
0
LINE
8
Layer 1
10
-198.852923
20
55.540078
11
-201.268530
21
55.372327
0
LINE
8
Layer 1
10
-201.268530
20
55.372327
11
-202.549169
21
54.939868
0
LINE
8
Layer 1
10
-202.549169
20
54.939868
11
-203.465190
21
54.117620
0
LINE
8
Layer 1
10
-203.465190
20
54.117620
11
-203.838048
21
53.637155
0
LINE
8
Layer 1
10
-203.838048
20
53.637155
11
-204.045772
21
52.959100
0
LINE
8
Layer 1
10
-204.045772
20
52.959100
11
-204.211500
21
49.485300
0
LINE
8
Layer 1
10
-204.211500
20
49.485300
11
-204.212009
21
46.873065
0
LINE
8
Layer 1
10
-204.212009
20
46.873065
11
-204.031976
21
45.213926
0
LINE
8
Layer 1
10
-204.031976
20
45.213926
11
-203.605616
21
44.220062
0
LINE
8
Layer 1
10
-203.605616
20
44.220062
11
-202.867140
21
43.603650
0
LINE
8
Layer 1
10
-202.867140
20
43.603650
11
-202.122780
21
43.438298
0
LINE
8
Layer 1
10
-202.122780
20
43.438298
11
-200.429021
21
43.306546
0
LINE
8
Layer 1
10
-200.429021
20
43.306546
11
-193.543320
21
43.109380
0
LINE
8
Layer 1
10
-193.543320
20
43.109380
11
-186.887587
21
42.911007
0
LINE
8
Layer 1
10
-186.887587
20
42.911007
11
-183.489120
21
42.645690
0
LINE
8
Layer 1
10
-183.489120
20
42.645690
11
-181.884343
21
42.149231
0
LINE
8
Layer 1
10
-181.884343
20
42.149231
11
-180.362680
21
41.433698
0
LINE
8
Layer 1
10
-180.362680
20
41.433698
11
-178.939049
21
40.513434
0
LINE
8
Layer 1
10
-178.939049
20
40.513434
11
-177.628370
21
39.402784
0
LINE
8
Layer 1
10
-177.628370
20
39.402784
11
-176.445562
21
38.116091
0
LINE
8
Layer 1
10
-176.445562
20
38.116091
11
-175.405545
21
36.667700
0
LINE
8
Layer 1
10
-175.405545
20
36.667700
11
-174.523238
21
35.071955
0
LINE
8
Layer 1
10
-174.523238
20
35.071955
11
-173.813560
21
33.343200
0
LINE
8
Layer 1
10
-173.813560
20
33.343200
11
-173.326066
21
31.182222
0
LINE
8
Layer 1
10
-173.326066
20
31.182222
11
-173.082479
21
28.505152
0
LINE
8
Layer 1
10
-173.082479
20
28.505152
11
-173.102342
21
25.783619
0
LINE
8
Layer 1
10
-173.102342
20
25.783619
11
-173.405200
21
23.489250
0
LINE
8
Layer 1
10
-173.405200
20
23.489250
11
-173.933672
21
21.706498
0
LINE
8
Layer 1
10
-173.933672
20
21.706498
11
-174.650991
21
20.027463
0
LINE
8
Layer 1
10
-174.650991
20
20.027463
11
-175.540384
21
18.472168
0
LINE
8
Layer 1
10
-175.540384
20
18.472168
11
-176.585076
21
17.060635
0
LINE
8
Layer 1
10
-176.585076
20
17.060635
11
-177.768294
21
15.812885
0
LINE
8
Layer 1
10
-177.768294
20
15.812885
11
-179.073264
21
14.748939
0
LINE
8
Layer 1
10
-179.073264
20
14.748939
11
-180.483210
21
13.888821
0
LINE
8
Layer 1
10
-180.483210
20
13.888821
11
-181.981360
21
13.252550
0
LINE
8
Layer 1
10
-181.981360
20
13.252550
11
-183.131631
21
12.948375
0
LINE
8
Layer 1
10
-183.131631
20
12.948375
11
-184.935506
21
12.789321
0
LINE
8
Layer 1
10
-184.935506
20
12.789321
11
-194.527160
21
12.743250
0
LINE
8
Layer 1
10
-194.527160
20
12.743250
11
-207.224060
21
12.961940
0
LINE
8
Layer 1
10
-207.224060
20
12.961940
11
-207.223500
21
12.962010
0
LINE
8
Layer 1
10
-181.416300
20
15.060220
11
-179.844610
21
16.038713
0
LINE
8
Layer 1
10
-179.844610
20
16.038713
11
-178.426261
21
17.314761
0
LINE
8
Layer 1
10
-178.426261
20
17.314761
11
-177.184856
21
18.842301
0
LINE
8
Layer 1
10
-177.184856
20
18.842301
11
-176.143998
21
20.575272
0
LINE
8
Layer 1
10
-176.143998
20
20.575272
11
-175.327286
21
22.467612
0
LINE
8
Layer 1
10
-175.327286
20
22.467612
11
-174.758325
21
24.473258
0
LINE
8
Layer 1
10
-174.758325
20
24.473258
11
-174.460716
21
26.546148
0
LINE
8
Layer 1
10
-174.460716
20
26.546148
11
-174.458060
21
28.640220
0
LINE
8
Layer 1
10
-174.458060
20
28.640220
11
-174.769225
21
30.869746
0
LINE
8
Layer 1
10
-174.769225
20
30.869746
11
-175.354103
21
32.965477
0
LINE
8
Layer 1
10
-175.354103
20
32.965477
11
-176.191042
21
34.897369
0
LINE
8
Layer 1
10
-176.191042
20
34.897369
11
-177.258393
21
36.635379
0
LINE
8
Layer 1
10
-177.258393
20
36.635379
11
-178.534505
21
38.149462
0
LINE
8
Layer 1
10
-178.534505
20
38.149462
11
-179.997729
21
39.409576
0
LINE
8
Layer 1
10
-179.997729
20
39.409576
11
-181.626414
21
40.385677
0
LINE
8
Layer 1
10
-181.626414
20
40.385677
11
-183.398910
21
41.047720
0
LINE
8
Layer 1
10
-183.398910
20
41.047720
11
-186.667304
21
41.316774
0
LINE
8
Layer 1
10
-186.667304
20
41.316774
11
-193.542710
21
41.517360
0
LINE
8
Layer 1
10
-193.542710
20
41.517360
11
-201.342089
21
41.734497
0
LINE
8
Layer 1
10
-201.342089
20
41.734497
11
-202.734051
21
41.917286
0
LINE
8
Layer 1
10
-202.734051
20
41.917286
11
-203.463690
21
42.221170
0
LINE
8
Layer 1
10
-203.463690
20
42.221170
11
-204.292203
21
42.864881
0
LINE
8
Layer 1
10
-204.292203
20
42.864881
11
-204.985040
21
43.649360
0
LINE
8
Layer 1
10
-204.985040
20
43.649360
11
-205.315515
21
44.249630
0
LINE
8
Layer 1
10
-205.315515
20
44.249630
11
-205.494094
21
45.086255
0
LINE
8
Layer 1
10
-205.494094
20
45.086255
11
-205.581250
21
49.196030
0
LINE
8
Layer 1
10
-205.581250
20
49.196030
11
-205.492095
21
53.355571
0
LINE
8
Layer 1
10
-205.492095
20
53.355571
11
-205.296468
21
54.185150
0
LINE
8
Layer 1
10
-205.296468
20
54.185150
11
-204.925310
21
54.823280
0
LINE
8
Layer 1
10
-204.925310
20
54.823280
11
-204.060965
21
55.717045
0
LINE
8
Layer 1
10
-204.060965
20
55.717045
11
-202.839410
21
56.488200
0
LINE
8
Layer 1
10
-202.839410
20
56.488200
11
-201.409460
21
57.187810
0
LINE
8
Layer 1
10
-201.409460
20
57.187810
11
-194.301080
21
57.105710
0
LINE
8
Layer 1
10
-194.301080
20
57.105710
11
-189.748508
21
57.029071
0
LINE
8
Layer 1
10
-189.748508
20
57.029071
11
-187.327606
21
56.811348
0
LINE
8
Layer 1
10
-187.327606
20
56.811348
11
-186.642298
21
56.591240
0
LINE
8
Layer 1
10
-186.642298
20
56.591240
11
-186.160826
21
56.265855
0
LINE
8
Layer 1
10
-186.160826
20
56.265855
11
-185.370620
21
55.205910
0
LINE
8
Layer 1
10
-185.370620
20
55.205910
11
-184.999314
21
54.558405
0
LINE
8
Layer 1
10
-184.999314
20
54.558405
11
-184.790880
21
53.899532
0
LINE
8
Layer 1
10
-184.790880
20
53.899532
11
-184.679170
21
51.587660
0
LINE
8
Layer 1
10
-184.679170
20
51.587660
11
-184.587764
21
49.408978
0
LINE
8
Layer 1
10
-184.587764
20
49.408978
11
-184.432436
21
48.903717
0
LINE
8
Layer 1
10
-184.432436
20
48.903717
11
-184.167520
21
48.572750
0
LINE
8
Layer 1
10
-184.167520
20
48.572750
11
-183.295720
21
48.015119
0
LINE
8
Layer 1
10
-183.295720
20
48.015119
11
-182.177920
21
47.636769
0
LINE
8
Layer 1
10
-182.177920
20
47.636769
11
-180.910540
21
47.433812
0
LINE
8
Layer 1
10
-180.910540
20
47.433812
11
-179.590001
21
47.402361
0
LINE
8
Layer 1
10
-179.590001
20
47.402361
11
-178.312725
21
47.538531
0
LINE
8
Layer 1
10
-178.312725
20
47.538531
11
-177.175132
21
47.838433
0
LINE
8
Layer 1
10
-177.175132
20
47.838433
11
-176.273643
21
48.298182
0
LINE
8
Layer 1
10
-176.273643
20
48.298182
11
-175.704680
21
48.913890
0
LINE
8
Layer 1
10
-175.704680
20
48.913890
11
-175.502743
21
50.140821
0
LINE
8
Layer 1
10
-175.502743
20
50.140821
11
-175.418750
21
52.340420
0
LINE
8
Layer 1
10
-175.418750
20
52.340420
11
-175.548815
21
55.089007
0
LINE
8
Layer 1
10
-175.548815
20
55.089007
11
-175.827176
21
55.988078
0
LINE
8
Layer 1
10
-175.827176
20
55.988078
11
-176.350670
21
57.095470
0
LINE
8
Layer 1
10
-176.350670
20
57.095470
11
-177.467621
21
58.857501
0
LINE
8
Layer 1
10
-177.467621
20
58.857501
11
-178.963693
21
60.530406
0
LINE
8
Layer 1
10
-178.963693
20
60.530406
11
-180.701951
21
61.981906
0
LINE
8
Layer 1
10
-180.701951
20
61.981906
11
-182.545460
21
63.079720
0
LINE
8
Layer 1
10
-182.545460
20
63.079720
11
-184.282290
21
63.902740
0
LINE
8
Layer 1
10
-184.282290
20
63.902740
11
-194.998000
21
63.902700
0
LINE
8
Layer 1
10
-194.998000
20
63.902700
11
-205.714000
21
63.902700
0
LINE
8
Layer 1
10
-205.714000
20
63.902700
11
-207.780000
21
62.916200
0
LINE
8
Layer 1
10
-207.780000
20
62.916200
11
-209.727270
21
61.787917
0
LINE
8
Layer 1
10
-209.727270
20
61.787917
11
-211.393653
21
60.385331
0
LINE
8
Layer 1
10
-211.393653
20
60.385331
11
-212.811503
21
58.675795
0
LINE
8
Layer 1
10
-212.811503
20
58.675795
11
-214.013180
21
56.626660
0
LINE
8
Layer 1
10
-214.013180
20
56.626660
11
-214.797456
21
54.826163
0
LINE
8
Layer 1
10
-214.797456
20
54.826163
11
-215.358075
21
53.038431
0
LINE
8
Layer 1
10
-215.358075
20
53.038431
11
-215.695040
21
51.256160
0
LINE
8
Layer 1
10
-215.695040
20
51.256160
11
-215.808359
21
49.472045
0
LINE
8
Layer 1
10
-215.808359
20
49.472045
11
-215.698036
21
47.678782
0
LINE
8
Layer 1
10
-215.698036
20
47.678782
11
-215.364079
21
45.869067
0
LINE
8
Layer 1
10
-215.364079
20
45.869067
11
-214.806491
21
44.035594
0
LINE
8
Layer 1
10
-214.806491
20
44.035594
11
-214.025280
21
42.171060
0
LINE
8
Layer 1
10
-214.025280
20
42.171060
11
-212.892498
21
40.198138
0
LINE
8
Layer 1
10
-212.892498
20
40.198138
11
-211.493818
21
38.482777
0
LINE
8
Layer 1
10
-211.493818
20
38.482777
11
-209.846119
21
37.042461
0
LINE
8
Layer 1
10
-209.846119
20
37.042461
11
-207.966280
21
35.894670
0
LINE
8
Layer 1
10
-207.966280
20
35.894670
11
-206.039730
21
34.930860
0
LINE
8
Layer 1
10
-206.039730
20
34.930860
11
-197.410180
21
34.929860
0
LINE
8
Layer 1
10
-197.410180
20
34.929860
11
-190.833439
21
34.852614
0
LINE
8
Layer 1
10
-190.833439
20
34.852614
11
-187.763450
21
34.645940
0
LINE
8
Layer 1
10
-187.763450
20
34.645940
11
-186.760959
21
34.186094
0
LINE
8
Layer 1
10
-186.760959
20
34.186094
11
-185.779070
21
33.477120
0
LINE
8
Layer 1
10
-185.779070
20
33.477120
11
-184.811870
21
32.590740
0
LINE
8
Layer 1
10
-184.811870
20
32.590740
11
-184.812000
21
28.512800
0
LINE
8
Layer 1
10
-184.812000
20
28.512800
11
-184.812000
21
24.435000
0
LINE
8
Layer 1
10
-184.812000
20
24.435000
11
-185.595120
21
23.304960
0
LINE
8
Layer 1
10
-185.595120
20
23.304960
11
-186.421961
21
22.320839
0
LINE
8
Layer 1
10
-186.421961
20
22.320839
11
-187.310190
21
21.541640
0
LINE
8
Layer 1
10
-187.310190
20
21.541640
11
-187.964065
21
21.177111
0
LINE
8
Layer 1
10
-187.964065
20
21.177111
11
-189.032154
21
20.989586
0
LINE
8
Layer 1
10
-189.032154
20
20.989586
11
-195.390610
21
20.914180
0
LINE
8
Layer 1
10
-195.390610
20
20.914180
11
-201.533467
21
20.999625
0
LINE
8
Layer 1
10
-201.533467
20
20.999625
11
-202.814091
21
21.147910
0
LINE
8
Layer 1
10
-202.814091
20
21.147910
11
-203.597420
21
21.408440
0
LINE
8
Layer 1
10
-203.597420
20
21.408440
11
-204.957593
21
22.235079
0
LINE
8
Layer 1
10
-204.957593
20
22.235079
11
-205.809673
21
23.327018
0
LINE
8
Layer 1
10
-205.809673
20
23.327018
11
-206.250156
21
24.881852
0
LINE
8
Layer 1
10
-206.250156
20
24.881852
11
-206.375540
21
27.097180
0
LINE
8
Layer 1
10
-206.375540
20
27.097180
11
-206.454744
21
28.850863
0
LINE
8
Layer 1
10
-206.454744
20
28.850863
11
-206.816608
21
29.922772
0
LINE
8
Layer 1
10
-206.816608
20
29.922772
11
-207.647510
21
30.583670
0
LINE
8
Layer 1
10
-207.647510
20
30.583670
11
-209.133830
21
31.104320
0
LINE
8
Layer 1
10
-209.133830
20
31.104320
11
-210.595025
21
31.388636
0
LINE
8
Layer 1
10
-210.595025
20
31.388636
11
-212.049156
21
31.405604
0
LINE
8
Layer 1
10
-212.049156
20
31.405604
11
-213.462092
21
31.157970
0
LINE
8
Layer 1
10
-213.462092
20
31.157970
11
-214.799700
21
30.648480
0
LINE
8
Layer 1
10
-214.799700
20
30.648480
11
-216.032830
21
30.036490
0
LINE
8
Layer 1
10
-216.032830
20
30.036490
11
-216.105930
21
25.989330
0
LINE
8
Layer 1
10
-216.105930
20
25.989330
11
-216.077312
21
22.432419
0
LINE
8
Layer 1
10
-216.077312
20
22.432419
11
-215.929640
21
21.517012
0
LINE
8
Layer 1
10
-215.929640
20
21.517012
11
-215.657690
21
20.763610
0
LINE
8
Layer 1
10
-215.657690
20
20.763610
11
-214.902195
21
19.520964
0
LINE
8
Layer 1
10
-214.902195
20
19.520964
11
-213.752425
21
18.144168
0
LINE
8
Layer 1
10
-213.752425
20
18.144168
11
-212.427163
21
16.867755
0
LINE
8
Layer 1
10
-212.427163
20
16.867755
11
-211.145190
21
15.926260
0
LINE
8
Layer 1
10
-211.145190
20
15.926260
11
-209.333866
21
14.978209
0
LINE
8
Layer 1
10
-209.333866
20
14.978209
11
-208.357661
21
14.690538
0
LINE
8
Layer 1
10
-208.357661
20
14.690538
11
-207.075336
21
14.502028
0
LINE
8
Layer 1
10
-207.075336
20
14.502028
11
-202.815059
21
14.347255
0
LINE
8
Layer 1
10
-202.815059
20
14.347255
11
-194.998490
21
14.363430
0
LINE
8
Layer 1
10
-194.998490
20
14.363430
11
-182.695390
21
14.426130
0
LINE
8
Layer 1
10
-182.695390
20
14.426130
11
-181.416300
21
15.060220
0
LINE
8
Layer 1
10
-34.186300
20
12.962010
11
-36.185017
21
13.373000
0
LINE
8
Layer 1
10
-36.185017
20
13.373000
11
-38.111230
21
14.189826
0
LINE
8
Layer 1
10
-38.111230
20
14.189826
11
-39.962435
21
15.411136
0
LINE
8
Layer 1
10
-39.962435
20
15.411136
11
-41.736130
21
17.035580
0
LINE
8
Layer 1
10
-41.736130
20
17.035580
11
-43.320829
21
18.885847
0
LINE
8
Layer 1
10
-43.320829
20
18.885847
11
-43.844540
21
19.733995
0
LINE
8
Layer 1
10
-43.844540
20
19.733995
11
-44.220433
21
20.625372
0
LINE
8
Layer 1
10
-44.220433
20
20.625372
11
-44.622588
21
22.821472
0
LINE
8
Layer 1
10
-44.622588
20
22.821472
11
-44.714940
21
26.041460
0
LINE
8
Layer 1
10
-44.714940
20
26.041460
11
-44.628269
21
29.572794
0
LINE
8
Layer 1
10
-44.628269
20
29.572794
11
-44.461575
21
30.307875
0
LINE
8
Layer 1
10
-44.461575
20
30.307875
11
-44.160770
21
30.801410
0
LINE
8
Layer 1
10
-44.160770
20
30.801410
11
-43.328181
21
31.599338
0
LINE
8
Layer 1
10
-43.328181
20
31.599338
11
-42.240348
21
32.185136
0
LINE
8
Layer 1
10
-42.240348
20
32.185136
11
-40.870668
21
32.569307
0
LINE
8
Layer 1
10
-40.870668
20
32.569307
11
-39.192540
21
32.762350
0
LINE
8
Layer 1
10
-39.192540
20
32.762350
11
-37.335751
21
32.769536
0
LINE
8
Layer 1
10
-37.335751
20
32.769536
11
-35.725283
21
32.576896
0
LINE
8
Layer 1
10
-35.725283
20
32.576896
11
-34.378893
21
32.187924
0
LINE
8
Layer 1
10
-34.378893
20
32.187924
11
-33.314340
21
31.606110
0
LINE
8
Layer 1
10
-33.314340
20
31.606110
11
-32.502180
21
30.896864
0
LINE
8
Layer 1
10
-32.502180
20
30.896864
11
-32.033629
21
30.089352
0
LINE
8
Layer 1
10
-32.033629
20
30.089352
11
-31.816784
21
28.918260
0
LINE
8
Layer 1
10
-31.816784
20
28.918260
11
-31.759740
21
27.118270
0
LINE
8
Layer 1
10
-31.759740
20
27.118270
11
-31.696317
21
25.327765
0
LINE
8
Layer 1
10
-31.696317
20
25.327765
11
-31.465021
21
24.175577
0
LINE
8
Layer 1
10
-31.465021
20
24.175577
11
-30.981135
21
23.437844
0
LINE
8
Layer 1
10
-30.981135
20
23.437844
11
-30.159940
21
22.890700
0
LINE
8
Layer 1
10
-30.159940
20
22.890700
11
-29.485653
21
22.693313
0
LINE
8
Layer 1
10
-29.485653
20
22.693313
11
-28.182635
21
22.572476
0
LINE
8
Layer 1
10
-28.182635
20
22.572476
11
-22.414890
21
22.495340
0
LINE
8
Layer 1
10
-22.414890
20
22.495340
11
-15.434300
21
22.495300
0
LINE
8
Layer 1
10
-15.434300
20
22.495300
11
-14.460460
21
23.469140
0
LINE
8
Layer 1
10
-14.460460
20
23.469140
11
-13.673916
21
24.431258
0
LINE
8
Layer 1
10
-13.673916
20
24.431258
11
-13.207844
21
25.533932
0
LINE
8
Layer 1
10
-13.207844
20
25.533932
11
-13.004112
21
27.000113
0
LINE
8
Layer 1
10
-13.004112
20
27.000113
11
-13.004590
21
29.052750
0
LINE
8
Layer 1
10
-13.004590
20
29.052750
11
-13.191660
21
31.455729
0
LINE
8
Layer 1
10
-13.191660
20
31.455729
11
-13.422803
21
32.007786
0
LINE
8
Layer 1
10
-13.422803
20
32.007786
11
-13.830290
21
32.477830
0
LINE
8
Layer 1
10
-13.830290
20
32.477830
11
-14.563430
21
33.210920
0
LINE
8
Layer 1
10
-14.563430
20
33.210920
11
-24.149040
21
33.343210
0
LINE
8
Layer 1
10
-24.149040
20
33.343210
11
-33.734640
21
33.475500
0
LINE
8
Layer 1
10
-33.734640
20
33.475500
11
-35.719020
21
34.530040
0
LINE
8
Layer 1
10
-35.719020
20
34.530040
11
-37.173387
21
35.417356
0
LINE
8
Layer 1
10
-37.173387
20
35.417356
11
-38.525531
21
36.472530
0
LINE
8
Layer 1
10
-38.525531
20
36.472530
11
-39.763127
21
37.678981
0
LINE
8
Layer 1
10
-39.763127
20
37.678981
11
-40.873846
21
39.020131
0
LINE
8
Layer 1
10
-40.873846
20
39.020131
11
-41.845362
21
40.479401
0
LINE
8
Layer 1
10
-41.845362
20
40.479401
11
-42.665348
21
42.040212
0
LINE
8
Layer 1
10
-42.665348
20
42.040212
11
-43.321476
21
43.685985
0
LINE
8
Layer 1
10
-43.321476
20
43.685985
11
-43.801420
21
45.400140
0
LINE
8
Layer 1
10
-43.801420
20
45.400140
11
-44.127430
21
47.755383
0
LINE
8
Layer 1
10
-44.127430
20
47.755383
11
-44.144343
21
50.312309
0
LINE
8
Layer 1
10
-44.144343
20
50.312309
11
-43.864049
21
52.841288
0
LINE
8
Layer 1
10
-43.864049
20
52.841288
11
-43.298440
21
55.112690
0
LINE
8
Layer 1
10
-43.298440
20
55.112690
11
-41.984150
21
58.066453
0
LINE
8
Layer 1
10
-41.984150
20
58.066453
11
-41.152477
21
59.392633
0
LINE
8
Layer 1
10
-41.152477
20
59.392633
11
-40.211306
21
60.610341
0
LINE
8
Layer 1
10
-40.211306
20
60.610341
11
-39.165777
21
61.713571
0
LINE
8
Layer 1
10
-39.165777
20
61.713571
11
-38.021030
21
62.696319
0
LINE
8
Layer 1
10
-38.021030
20
62.696319
11
-36.782204
21
63.552580
0
LINE
8
Layer 1
10
-36.782204
20
63.552580
11
-35.454440
21
64.276350
0
LINE
8
Layer 1
10
-35.454440
20
64.276350
11
-33.470060
21
65.225480
0
LINE
8
Layer 1
10
-33.470060
20
65.225480
11
-22.114660
21
65.299880
0
LINE
8
Layer 1
10
-22.114660
20
65.299880
11
-10.759260
21
65.374280
0
LINE
8
Layer 1
10
-10.759260
20
65.374280
11
-8.783100
21
64.435810
0
LINE
8
Layer 1
10
-8.783100
20
64.435810
11
-6.761632
21
63.198208
0
LINE
8
Layer 1
10
-6.761632
20
63.198208
11
-4.776581
21
61.502006
0
LINE
8
Layer 1
10
-4.776581
20
61.502006
11
-3.064015
21
59.578309
0
LINE
8
Layer 1
10
-3.064015
20
59.578309
11
-1.860000
21
57.658220
0
LINE
8
Layer 1
10
-1.860000
20
57.658220
11
-1.406879
21
56.624235
0
LINE
8
Layer 1
10
-1.406879
20
56.624235
11
-1.167952
21
55.671181
0
LINE
8
Layer 1
10
-1.167952
20
55.671181
11
-1.058790
21
52.111940
0
LINE
8
Layer 1
10
-1.058790
20
52.111940
11
-1.058580
21
48.258840
0
LINE
8
Layer 1
10
-1.058580
20
48.258840
11
-1.786190
21
47.578090
0
LINE
8
Layer 1
10
-1.786190
20
47.578090
11
-2.685225
21
46.867156
0
LINE
8
Layer 1
10
-2.685225
20
46.867156
11
-3.671160
21
46.361856
0
LINE
8
Layer 1
10
-3.671160
20
46.361856
11
-4.817010
21
46.033641
0
LINE
8
Layer 1
10
-4.817010
20
46.033641
11
-6.195790
21
45.853960
0
LINE
8
Layer 1
10
-6.195790
20
45.853960
11
-7.956668
21
45.858277
0
LINE
8
Layer 1
10
-7.956668
20
45.858277
11
-9.561182
21
46.137182
0
LINE
8
Layer 1
10
-9.561182
20
46.137182
11
-10.956706
21
46.676327
0
LINE
8
Layer 1
10
-10.956706
20
46.676327
11
-12.090610
21
47.461360
0
LINE
8
Layer 1
10
-12.090610
20
47.461360
11
-13.033460
21
48.325420
0
LINE
8
Layer 1
10
-13.033460
20
48.325420
11
-13.065260
21
51.135780
0
LINE
8
Layer 1
10
-13.065260
20
51.135780
11
-13.198290
21
53.674652
0
LINE
8
Layer 1
10
-13.198290
20
53.674652
11
-13.433742
21
54.242850
0
LINE
8
Layer 1
10
-13.433742
20
54.242850
11
-13.874200
21
54.757160
0
LINE
8
Layer 1
10
-13.874200
20
54.757160
11
-14.651310
21
55.568170
0
LINE
8
Layer 1
10
-14.651310
20
55.568170
11
-21.494100
21
55.568200
0
LINE
8
Layer 1
10
-21.494100
20
55.568200
11
-25.815023
21
55.540078
0
LINE
8
Layer 1
10
-25.815023
20
55.540078
11
-28.230630
21
55.372327
0
LINE
8
Layer 1
10
-28.230630
20
55.372327
11
-29.511269
21
54.939868
0
LINE
8
Layer 1
10
-29.511269
20
54.939868
11
-30.427290
21
54.117620
0
LINE
8
Layer 1
10
-30.427290
20
54.117620
11
-30.800148
21
53.637155
0
LINE
8
Layer 1
10
-30.800148
20
53.637155
11
-31.007872
21
52.959100
0
LINE
8
Layer 1
10
-31.007872
20
52.959100
11
-31.173600
21
49.485300
0
LINE
8
Layer 1
10
-31.173600
20
49.485300
11
-31.174109
21
46.873065
0
LINE
8
Layer 1
10
-31.174109
20
46.873065
11
-30.994076
21
45.213926
0
LINE
8
Layer 1
10
-30.994076
20
45.213926
11
-30.567716
21
44.220062
0
LINE
8
Layer 1
10
-30.567716
20
44.220062
11
-29.829240
21
43.603650
0
LINE
8
Layer 1
10
-29.829240
20
43.603650
11
-29.084880
21
43.438298
0
LINE
8
Layer 1
10
-29.084880
20
43.438298
11
-27.391121
21
43.306546
0
LINE
8
Layer 1
10
-27.391121
20
43.306546
11
-20.505420
21
43.109380
0
LINE
8
Layer 1
10
-20.505420
20
43.109380
11
-13.849687
21
42.911007
0
LINE
8
Layer 1
10
-13.849687
20
42.911007
11
-10.451220
21
42.645690
0
LINE
8
Layer 1
10
-10.451220
20
42.645690
11
-8.846443
21
42.149231
0
LINE
8
Layer 1
10
-8.846443
20
42.149231
11
-7.324780
21
41.433698
0
LINE
8
Layer 1
10
-7.324780
20
41.433698
11
-5.901149
21
40.513434
0
LINE
8
Layer 1
10
-5.901149
20
40.513434
11
-4.590470
21
39.402784
0
LINE
8
Layer 1
10
-4.590470
20
39.402784
11
-3.407662
21
38.116091
0
LINE
8
Layer 1
10
-3.407662
20
38.116091
11
-2.367645
21
36.667700
0
LINE
8
Layer 1
10
-2.367645
20
36.667700
11
-1.485338
21
35.071955
0
LINE
8
Layer 1
10
-1.485338
20
35.071955
11
-0.775660
21
33.343200
0
LINE
8
Layer 1
10
-0.775660
20
33.343200
11
-0.288165
21
31.182222
0
LINE
8
Layer 1
10
-0.288165
20
31.182222
11
-0.044575
21
28.505152
0
LINE
8
Layer 1
10
-0.044575
20
28.505152
11
-0.064438
21
25.783619
0
LINE
8
Layer 1
10
-0.064438
20
25.783619
11
-0.367300
21
23.489250
0
LINE
8
Layer 1
10
-0.367300
20
23.489250
11
-0.895772
21
21.706498
0
LINE
8
Layer 1
10
-0.895772
20
21.706498
11
-1.613091
21
20.027463
0
LINE
8
Layer 1
10
-1.613091
20
20.027463
11
-2.502484
21
18.472168
0
LINE
8
Layer 1
10
-2.502484
20
18.472168
11
-3.547176
21
17.060635
0
LINE
8
Layer 1
10
-3.547176
20
17.060635
11
-4.730394
21
15.812885
0
LINE
8
Layer 1
10
-4.730394
20
15.812885
11
-6.035364
21
14.748939
0
LINE
8
Layer 1
10
-6.035364
20
14.748939
11
-7.445310
21
13.888821
0
LINE
8
Layer 1
10
-7.445310
20
13.888821
11
-8.943460
21
13.252550
0
LINE
8
Layer 1
10
-8.943460
20
13.252550
11
-10.093731
21
12.948375
0
LINE
8
Layer 1
10
-10.093731
20
12.948375
11
-11.897606
21
12.789321
0
LINE
8
Layer 1
10
-11.897606
20
12.789321
11
-21.489260
21
12.743250
0
LINE
8
Layer 1
10
-21.489260
20
12.743250
11
-34.186160
21
12.961940
0
LINE
8
Layer 1
10
-34.186160
20
12.961940
11
-34.186300
21
12.962010
0
LINE
8
Layer 1
10
-8.379100
20
15.060220
11
-6.807410
21
16.038713
0
LINE
8
Layer 1
10
-6.807410
20
16.038713
11
-5.389061
21
17.314761
0
LINE
8
Layer 1
10
-5.389061
20
17.314761
11
-4.147656
21
18.842301
0
LINE
8
Layer 1
10
-4.147656
20
18.842301
11
-3.106798
21
20.575272
0
LINE
8
Layer 1
10
-3.106798
20
20.575272
11
-2.290086
21
22.467612
0
LINE
8
Layer 1
10
-2.290086
20
22.467612
11
-1.721125
21
24.473258
0
LINE
8
Layer 1
10
-1.721125
20
24.473258
11
-1.423516
21
26.546148
0
LINE
8
Layer 1
10
-1.423516
20
26.546148
11
-1.420860
21
28.640220
0
LINE
8
Layer 1
10
-1.420860
20
28.640220
11
-1.732025
21
30.869746
0
LINE
8
Layer 1
10
-1.732025
20
30.869746
11
-2.316903
21
32.965477
0
LINE
8
Layer 1
10
-2.316903
20
32.965477
11
-3.153842
21
34.897369
0
LINE
8
Layer 1
10
-3.153842
20
34.897369
11
-4.221193
21
36.635379
0
LINE
8
Layer 1
10
-4.221193
20
36.635379
11
-5.497305
21
38.149462
0
LINE
8
Layer 1
10
-5.497305
20
38.149462
11
-6.960529
21
39.409576
0
LINE
8
Layer 1
10
-6.960529
20
39.409576
11
-8.589214
21
40.385677
0
LINE
8
Layer 1
10
-8.589214
20
40.385677
11
-10.361710
21
41.047720
0
LINE
8
Layer 1
10
-10.361710
20
41.047720
11
-13.630104
21
41.316774
0
LINE
8
Layer 1
10
-13.630104
20
41.316774
11
-20.505510
21
41.517360
0
LINE
8
Layer 1
10
-20.505510
20
41.517360
11
-28.304888
21
41.734497
0
LINE
8
Layer 1
10
-28.304888
20
41.734497
11
-29.696847
21
41.917286
0
LINE
8
Layer 1
10
-29.696847
20
41.917286
11
-30.426480
21
42.221170
0
LINE
8
Layer 1
10
-30.426480
20
42.221170
11
-31.255001
21
42.864881
0
LINE
8
Layer 1
10
-31.255001
20
42.864881
11
-31.947840
21
43.649360
0
LINE
8
Layer 1
10
-31.947840
20
43.649360
11
-32.278315
21
44.249630
0
LINE
8
Layer 1
10
-32.278315
20
44.249630
11
-32.456894
21
45.086255
0
LINE
8
Layer 1
10
-32.456894
20
45.086255
11
-32.544050
21
49.196030
0
LINE
8
Layer 1
10
-32.544050
20
49.196030
11
-32.454895
21
53.355571
0
LINE
8
Layer 1
10
-32.454895
20
53.355571
11
-32.259268
21
54.185150
0
LINE
8
Layer 1
10
-32.259268
20
54.185150
11
-31.888110
21
54.823280
0
LINE
8
Layer 1
10
-31.888110
20
54.823280
11
-31.023765
21
55.717045
0
LINE
8
Layer 1
10
-31.023765
20
55.717045
11
-29.802210
21
56.488200
0
LINE
8
Layer 1
10
-29.802210
20
56.488200
11
-28.372250
21
57.187810
0
LINE
8
Layer 1
10
-28.372250
20
57.187810
11
-21.263880
21
57.105710
0
LINE
8
Layer 1
10
-21.263880
20
57.105710
11
-16.711308
21
57.029071
0
LINE
8
Layer 1
10
-16.711308
20
57.029071
11
-14.290406
21
56.811348
0
LINE
8
Layer 1
10
-14.290406
20
56.811348
11
-13.605098
21
56.591240
0
LINE
8
Layer 1
10
-13.605098
20
56.591240
11
-13.123626
21
56.265855
0
LINE
8
Layer 1
10
-13.123626
20
56.265855
11
-12.333420
21
55.205910
0
LINE
8
Layer 1
10
-12.333420
20
55.205910
11
-11.962114
21
54.558405
0
LINE
8
Layer 1
10
-11.962114
20
54.558405
11
-11.753680
21
53.899532
0
LINE
8
Layer 1
10
-11.753680
20
53.899532
11
-11.641970
21
51.587660
0
LINE
8
Layer 1
10
-11.641970
20
51.587660
11
-11.550564
21
49.408978
0
LINE
8
Layer 1
10
-11.550564
20
49.408978
11
-11.395236
21
48.903717
0
LINE
8
Layer 1
10
-11.395236
20
48.903717
11
-11.130320
21
48.572750
0
LINE
8
Layer 1
10
-11.130320
20
48.572750
11
-10.258520
21
48.015119
0
LINE
8
Layer 1
10
-10.258520
20
48.015119
11
-9.140719
21
47.636769
0
LINE
8
Layer 1
10
-9.140719
20
47.636769
11
-7.873337
21
47.433812
0
LINE
8
Layer 1
10
-7.873337
20
47.433812
11
-6.552798
21
47.402361
0
LINE
8
Layer 1
10
-6.552798
20
47.402361
11
-5.275520
21
47.538531
0
LINE
8
Layer 1
10
-5.275520
20
47.538531
11
-4.137928
21
47.838433
0
LINE
8
Layer 1
10
-4.137928
20
47.838433
11
-3.236440
21
48.298182
0
LINE
8
Layer 1
10
-3.236440
20
48.298182
11
-2.667480
21
48.913890
0
LINE
8
Layer 1
10
-2.667480
20
48.913890
11
-2.465543
21
50.140821
0
LINE
8
Layer 1
10
-2.465543
20
50.140821
11
-2.381550
21
52.340420
0
LINE
8
Layer 1
10
-2.381550
20
52.340420
11
-2.511615
21
55.089007
0
LINE
8
Layer 1
10
-2.511615
20
55.089007
11
-2.789976
21
55.988078
0
LINE
8
Layer 1
10
-2.789976
20
55.988078
11
-3.313470
21
57.095470
0
LINE
8
Layer 1
10
-3.313470
20
57.095470
11
-4.430416
21
58.857501
0
LINE
8
Layer 1
10
-4.430416
20
58.857501
11
-5.926489
21
60.530406
0
LINE
8
Layer 1
10
-5.926489
20
60.530406
11
-7.664749
21
61.981906
0
LINE
8
Layer 1
10
-7.664749
20
61.981906
11
-9.508260
21
63.079720
0
LINE
8
Layer 1
10
-9.508260
20
63.079720
11
-11.245090
21
63.902740
0
LINE
8
Layer 1
10
-11.245090
20
63.902740
11
-21.960700
21
63.902700
0
LINE
8
Layer 1
10
-21.960700
20
63.902700
11
-32.676300
21
63.902700
0
LINE
8
Layer 1
10
-32.676300
20
63.902700
11
-34.742300
21
62.916200
0
LINE
8
Layer 1
10
-34.742300
20
62.916200
11
-36.689570
21
61.787917
0
LINE
8
Layer 1
10
-36.689570
20
61.787917
11
-38.355953
21
60.385331
0
LINE
8
Layer 1
10
-38.355953
20
60.385331
11
-39.773803
21
58.675795
0
LINE
8
Layer 1
10
-39.773803
20
58.675795
11
-40.975480
21
56.626660
0
LINE
8
Layer 1
10
-40.975480
20
56.626660
11
-41.759754
21
54.826163
0
LINE
8
Layer 1
10
-41.759754
20
54.826163
11
-42.320370
21
53.038431
0
LINE
8
Layer 1
10
-42.320370
20
53.038431
11
-42.657336
21
51.256160
0
LINE
8
Layer 1
10
-42.657336
20
51.256160
11
-42.770655
21
49.472045
0
LINE
8
Layer 1
10
-42.770655
20
49.472045
11
-42.660334
21
47.678782
0
LINE
8
Layer 1
10
-42.660334
20
47.678782
11
-42.326377
21
45.869067
0
LINE
8
Layer 1
10
-42.326377
20
45.869067
11
-41.768791
21
44.035594
0
LINE
8
Layer 1
10
-41.768791
20
44.035594
11
-40.987580
21
42.171060
0
LINE
8
Layer 1
10
-40.987580
20
42.171060
11
-39.854797
21
40.198138
0
LINE
8
Layer 1
10
-39.854797
20
40.198138
11
-38.456117
21
38.482777
0
LINE
8
Layer 1
10
-38.456117
20
38.482777
11
-36.808419
21
37.042461
0
LINE
8
Layer 1
10
-36.808419
20
37.042461
11
-34.928580
21
35.894670
0
LINE
8
Layer 1
10
-34.928580
20
35.894670
11
-33.002030
21
34.930860
0
LINE
8
Layer 1
10
-33.002030
20
34.930860
11
-24.372470
21
34.929860
0
LINE
8
Layer 1
10
-24.372470
20
34.929860
11
-17.795734
21
34.852614
0
LINE
8
Layer 1
10
-17.795734
20
34.852614
11
-14.725750
21
34.645940
0
LINE
8
Layer 1
10
-14.725750
20
34.645940
11
-13.723255
21
34.186094
0
LINE
8
Layer 1
10
-13.723255
20
34.186094
11
-12.741370
21
33.477120
0
LINE
8
Layer 1
10
-12.741370
20
33.477120
11
-11.774170
21
32.590740
0
LINE
8
Layer 1
10
-11.774170
20
32.590740
11
-11.774200
21
28.512800
0
LINE
8
Layer 1
10
-11.774200
20
28.512800
11
-11.774200
21
24.435000
0
LINE
8
Layer 1
10
-11.774200
20
24.435000
11
-12.557320
21
23.304960
0
LINE
8
Layer 1
10
-12.557320
20
23.304960
11
-13.384160
21
22.320839
0
LINE
8
Layer 1
10
-13.384160
20
22.320839
11
-14.272380
21
21.541640
0
LINE
8
Layer 1
10
-14.272380
20
21.541640
11
-14.926260
21
21.177111
0
LINE
8
Layer 1
10
-14.926260
20
21.177111
11
-15.994352
21
20.989586
0
LINE
8
Layer 1
10
-15.994352
20
20.989586
11
-22.352810
21
20.914180
0
LINE
8
Layer 1
10
-22.352810
20
20.914180
11
-28.495666
21
20.999625
0
LINE
8
Layer 1
10
-28.495666
20
20.999625
11
-29.776287
21
21.147910
0
LINE
8
Layer 1
10
-29.776287
20
21.147910
11
-30.559610
21
21.408440
0
LINE
8
Layer 1
10
-30.559610
20
21.408440
11
-31.919789
21
22.235079
0
LINE
8
Layer 1
10
-31.919789
20
22.235079
11
-32.771871
21
23.327018
0
LINE
8
Layer 1
10
-32.771871
20
23.327018
11
-33.212356
21
24.881852
0
LINE
8
Layer 1
10
-33.212356
20
24.881852
11
-33.337740
21
27.097180
0
LINE
8
Layer 1
10
-33.337740
20
27.097180
11
-33.416944
21
28.850863
0
LINE
8
Layer 1
10
-33.416944
20
28.850863
11
-33.778807
21
29.922772
0
LINE
8
Layer 1
10
-33.778807
20
29.922772
11
-34.609710
21
30.583670
0
LINE
8
Layer 1
10
-34.609710
20
30.583670
11
-36.096030
21
31.104320
0
LINE
8
Layer 1
10
-36.096030
20
31.104320
11
-37.557225
21
31.388636
0
LINE
8
Layer 1
10
-37.557225
20
31.388636
11
-39.011356
21
31.405604
0
LINE
8
Layer 1
10
-39.011356
20
31.405604
11
-40.424292
21
31.157970
0
LINE
8
Layer 1
10
-40.424292
20
31.157970
11
-41.761900
21
30.648480
0
LINE
8
Layer 1
10
-41.761900
20
30.648480
11
-42.995030
21
30.036490
0
LINE
8
Layer 1
10
-42.995030
20
30.036490
11
-43.068130
21
25.989330
0
LINE
8
Layer 1
10
-43.068130
20
25.989330
11
-43.039551
21
22.432419
0
LINE
8
Layer 1
10
-43.039551
20
22.432419
11
-42.891858
21
21.517012
0
LINE
8
Layer 1
10
-42.891858
20
21.517012
11
-42.619900
21
20.763610
0
LINE
8
Layer 1
10
-42.619900
20
20.763610
11
-41.864405
21
19.520964
0
LINE
8
Layer 1
10
-41.864405
20
19.520964
11
-40.714635
21
18.144168
0
LINE
8
Layer 1
10
-40.714635
20
18.144168
11
-39.389372
21
16.867755
0
LINE
8
Layer 1
10
-39.389372
20
16.867755
11
-38.107400
21
15.926260
0
LINE
8
Layer 1
10
-38.107400
20
15.926260
11
-36.296076
21
14.978209
0
LINE
8
Layer 1
10
-36.296076
20
14.978209
11
-35.319871
21
14.690538
0
LINE
8
Layer 1
10
-35.319871
20
14.690538
11
-34.037546
21
14.502028
0
LINE
8
Layer 1
10
-34.037546
20
14.502028
11
-29.777269
21
14.347255
0
LINE
8
Layer 1
10
-29.777269
20
14.347255
11
-21.960700
21
14.363430
0
LINE
8
Layer 1
10
-21.960700
20
14.363430
11
-9.657600
21
14.426130
0
LINE
8
Layer 1
10
-9.657600
20
14.426130
11
-8.379100
21
15.060220
0
LINE
8
Layer 1
10
-401.450100
20
13.227780
11
-403.698760
21
13.967900
0
LINE
8
Layer 1
10
-403.698760
20
13.967900
11
-404.524136
21
14.577897
0
LINE
8
Layer 1
10
-404.524136
20
14.577897
11
-404.851880
21
15.509660
0
LINE
8
Layer 1
10
-404.851880
20
15.509660
11
-405.061440
21
47.134260
0
LINE
8
Layer 1
10
-405.061440
20
47.134260
11
-405.099140
21
77.726260
0
LINE
8
Layer 1
10
-405.099140
20
77.726260
11
-404.538550
21
78.676400
0
LINE
8
Layer 1
10
-404.538550
20
78.676400
11
-403.752656
21
79.570609
0
LINE
8
Layer 1
10
-403.752656
20
79.570609
11
-402.500990
21
80.349160
0
LINE
8
Layer 1
10
-402.500990
20
80.349160
11
-400.843675
21
80.948069
0
LINE
8
Layer 1
10
-400.843675
20
80.948069
11
-398.486700
21
81.067150
0
LINE
8
Layer 1
10
-398.486700
20
81.067150
11
-396.566031
21
80.959887
0
LINE
8
Layer 1
10
-396.566031
20
80.959887
11
-395.018196
21
80.631398
0
LINE
8
Layer 1
10
-395.018196
20
80.631398
11
-393.777015
21
80.060385
0
LINE
8
Layer 1
10
-393.777015
20
80.060385
11
-392.776310
21
79.225550
0
LINE
8
Layer 1
10
-392.776310
20
79.225550
11
-392.112890
21
78.509710
0
LINE
8
Layer 1
10
-392.112890
20
78.509710
11
-392.113000
21
46.685300
0
LINE
8
Layer 1
10
-392.113000
20
46.685300
11
-392.113000
21
14.860800
0
LINE
8
Layer 1
10
-392.113000
20
14.860800
11
-392.805080
21
14.316410
0
LINE
8
Layer 1
10
-392.805080
20
14.316410
11
-394.458730
21
13.499020
0
LINE
8
Layer 1
10
-394.458730
20
13.499020
11
-395.912145
21
13.255442
0
LINE
8
Layer 1
10
-395.912145
20
13.255442
11
-397.898896
21
13.115960
0
LINE
8
Layer 1
10
-397.898896
20
13.115960
11
-399.913437
21
13.100191
0
LINE
8
Layer 1
10
-399.913437
20
13.100191
11
-401.450220
21
13.227750
0
LINE
8
Layer 1
10
-401.450220
20
13.227750
11
-401.450100
21
13.227780
0
LINE
8
Layer 1
10
-394.658710
20
15.114890
11
-393.632660
21
15.483880
0
LINE
8
Layer 1
10
-393.632660
20
15.483880
11
-393.672160
21
46.704680
0
LINE
8
Layer 1
10
-393.672160
20
46.704680
11
-393.711660
21
77.925480
0
LINE
8
Layer 1
10
-393.711660
20
77.925480
11
-394.353200
21
78.495800
0
LINE
8
Layer 1
10
-394.353200
20
78.495800
11
-395.147148
21
78.998500
0
LINE
8
Layer 1
10
-395.147148
20
78.998500
11
-396.171344
21
79.347415
0
LINE
8
Layer 1
10
-396.171344
20
79.347415
11
-397.347188
21
79.544293
0
LINE
8
Layer 1
10
-397.347188
20
79.544293
11
-398.596078
21
79.590880
0
LINE
8
Layer 1
10
-398.596078
20
79.590880
11
-399.839413
21
79.488922
0
LINE
8
Layer 1
10
-399.839413
20
79.488922
11
-400.998592
21
79.240165
0
LINE
8
Layer 1
10
-400.998592
20
79.240165
11
-401.995015
21
78.846355
0
LINE
8
Layer 1
10
-401.995015
20
78.846355
11
-402.750080
21
78.309240
0
LINE
8
Layer 1
10
-402.750080
20
78.309240
11
-403.490010
21
77.569310
0
LINE
8
Layer 1
10
-403.490010
20
77.569310
11
-403.474710
21
47.452610
0
LINE
8
Layer 1
10
-403.474710
20
47.452610
11
-403.273740
21
16.289610
0
LINE
8
Layer 1
10
-403.273740
20
16.289610
11
-403.140939
21
15.710102
0
LINE
8
Layer 1
10
-403.140939
20
15.710102
11
-402.933631
21
15.353451
0
LINE
8
Layer 1
10
-402.933631
20
15.353451
11
-401.899930
21
14.912090
0
LINE
8
Layer 1
10
-401.899930
20
14.912090
11
-400.332349
21
14.698044
0
LINE
8
Layer 1
10
-400.332349
20
14.698044
11
-398.237319
21
14.670721
0
LINE
8
Layer 1
10
-398.237319
20
14.670721
11
-396.163286
21
14.814768
0
LINE
8
Layer 1
10
-396.163286
20
14.814768
11
-394.658700
21
15.114830
0
LINE
8
Layer 1
10
-394.658700
20
15.114830
11
-394.658710
21
15.114890
0
LINE
8
Layer 1
10
-365.995910
20
13.227780
11
-368.244570
21
13.967900
0
LINE
8
Layer 1
10
-368.244570
20
13.967900
11
-369.069941
21
14.577897
0
LINE
8
Layer 1
10
-369.069941
20
14.577897
11
-369.397680
21
15.509660
0
LINE
8
Layer 1
10
-369.397680
20
15.509660
11
-369.607250
21
47.134260
0
LINE
8
Layer 1
10
-369.607250
20
47.134260
11
-369.644950
21
77.726260
0
LINE
8
Layer 1
10
-369.644950
20
77.726260
11
-369.084350
21
78.676400
0
LINE
8
Layer 1
10
-369.084350
20
78.676400
11
-368.298458
21
79.570609
0
LINE
8
Layer 1
10
-368.298458
20
79.570609
11
-367.046800
21
80.349160
0
LINE
8
Layer 1
10
-367.046800
20
80.349160
11
-365.389480
21
80.948069
0
LINE
8
Layer 1
10
-365.389480
20
80.948069
11
-363.032500
21
81.067150
0
LINE
8
Layer 1
10
-363.032500
20
81.067150
11
-361.111837
21
80.959887
0
LINE
8
Layer 1
10
-361.111837
20
80.959887
11
-359.564004
21
80.631398
0
LINE
8
Layer 1
10
-359.564004
20
80.631398
11
-358.322821
21
80.060385
0
LINE
8
Layer 1
10
-358.322821
20
80.060385
11
-357.322110
21
79.225550
0
LINE
8
Layer 1
10
-357.322110
20
79.225550
11
-356.658700
21
78.509710
0
LINE
8
Layer 1
10
-356.658700
20
78.509710
11
-356.659000
21
46.685300
0
LINE
8
Layer 1
10
-356.659000
20
46.685300
11
-356.659000
21
14.860800
0
LINE
8
Layer 1
10
-356.659000
20
14.860800
11
-357.351080
21
14.316410
0
LINE
8
Layer 1
10
-357.351080
20
14.316410
11
-359.004720
21
13.499020
0
LINE
8
Layer 1
10
-359.004720
20
13.499020
11
-360.458139
21
13.255442
0
LINE
8
Layer 1
10
-360.458139
20
13.255442
11
-362.444891
21
13.115960
0
LINE
8
Layer 1
10
-362.444891
20
13.115960
11
-364.459433
21
13.100191
0
LINE
8
Layer 1
10
-364.459433
20
13.100191
11
-365.996220
21
13.227750
0
LINE
8
Layer 1
10
-365.996220
20
13.227750
11
-365.995910
21
13.227780
0
LINE
8
Layer 1
10
-359.204510
20
15.114890
11
-358.178470
21
15.483880
0
LINE
8
Layer 1
10
-358.178470
20
15.483880
11
-358.217970
21
46.704680
0
LINE
8
Layer 1
10
-358.217970
20
46.704680
11
-358.257470
21
77.925480
0
LINE
8
Layer 1
10
-358.257470
20
77.925480
11
-358.899010
21
78.495800
0
LINE
8
Layer 1
10
-358.899010
20
78.495800
11
-359.692958
21
78.998500
0
LINE
8
Layer 1
10
-359.692958
20
78.998500
11
-360.717153
21
79.347415
0
LINE
8
Layer 1
10
-360.717153
20
79.347415
11
-361.892995
21
79.544293
0
LINE
8
Layer 1
10
-361.892995
20
79.544293
11
-363.141883
21
79.590880
0
LINE
8
Layer 1
10
-363.141883
20
79.590880
11
-364.385216
21
79.488922
0
LINE
8
Layer 1
10
-364.385216
20
79.488922
11
-365.544393
21
79.240165
0
LINE
8
Layer 1
10
-365.544393
20
79.240165
11
-366.540815
21
78.846355
0
LINE
8
Layer 1
10
-366.540815
20
78.846355
11
-367.295880
21
78.309240
0
LINE
8
Layer 1
10
-367.295880
20
78.309240
11
-368.035820
21
77.569310
0
LINE
8
Layer 1
10
-368.035820
20
77.569310
11
-368.020520
21
47.452610
0
LINE
8
Layer 1
10
-368.020520
20
47.452610
11
-367.819550
21
16.289610
0
LINE
8
Layer 1
10
-367.819550
20
16.289610
11
-367.686748
21
15.710102
0
LINE
8
Layer 1
10
-367.686748
20
15.710102
11
-367.479440
21
15.353451
0
LINE
8
Layer 1
10
-367.479440
20
15.353451
11
-366.445730
21
14.912090
0
LINE
8
Layer 1
10
-366.445730
20
14.912090
11
-364.878151
21
14.698044
0
LINE
8
Layer 1
10
-364.878151
20
14.698044
11
-362.783124
21
14.670721
0
LINE
8
Layer 1
10
-362.783124
20
14.670721
11
-360.709095
21
14.814768
0
LINE
8
Layer 1
10
-360.709095
20
14.814768
11
-359.204510
21
15.114830
0
LINE
8
Layer 1
10
-359.204510
20
15.114830
11
-359.204510
21
15.114890
0
LINE
8
Layer 1
10
-162.851510
20
13.247400
11
-164.166989
21
13.567994
0
LINE
8
Layer 1
10
-164.166989
20
13.567994
11
-165.100470
21
13.989410
0
LINE
8
Layer 1
10
-165.100470
20
13.989410
11
-165.761930
21
14.482620
0
LINE
8
Layer 1
10
-165.761930
20
14.482620
11
-165.829430
21
38.777220
0
LINE
8
Layer 1
10
-165.829430
20
38.777220
11
-165.896930
21
63.071820
0
LINE
8
Layer 1
10
-165.896930
20
63.071820
11
-165.326500
21
63.679010
0
LINE
8
Layer 1
10
-165.326500
20
63.679010
11
-164.412697
21
64.387217
0
LINE
8
Layer 1
10
-164.412697
20
64.387217
11
-163.176025
21
64.867000
0
LINE
8
Layer 1
10
-163.176025
20
64.867000
11
-161.535928
21
65.139423
0
LINE
8
Layer 1
10
-161.535928
20
65.139423
11
-159.411850
21
65.225550
0
LINE
8
Layer 1
10
-159.411850
20
65.225550
11
-157.225568
21
65.131615
0
LINE
8
Layer 1
10
-157.225568
20
65.131615
11
-155.547626
21
64.838059
0
LINE
8
Layer 1
10
-155.547626
20
64.838059
11
-154.314226
21
64.327256
0
LINE
8
Layer 1
10
-154.314226
20
64.327256
11
-153.461570
21
63.581580
0
LINE
8
Layer 1
10
-153.461570
20
63.581580
11
-153.288225
21
63.299338
0
LINE
8
Layer 1
10
-153.288225
20
63.299338
11
-153.157322
21
62.766890
0
LINE
8
Layer 1
10
-153.157322
20
62.766890
11
-152.999013
21
59.838502
0
LINE
8
Layer 1
10
-152.999013
20
59.838502
11
-152.929560
21
38.737680
0
LINE
8
Layer 1
10
-152.929560
20
38.737680
11
-152.929000
21
14.570000
0
LINE
8
Layer 1
10
-152.929000
20
14.570000
11
-153.558000
21
14.157860
0
LINE
8
Layer 1
10
-153.558000
20
14.157860
11
-155.079350
21
13.486660
0
LINE
8
Layer 1
10
-155.079350
20
13.486660
11
-156.593062
21
13.247693
0
LINE
8
Layer 1
10
-156.593062
20
13.247693
11
-158.775326
21
13.116379
0
LINE
8
Layer 1
10
-158.775326
20
13.116379
11
-161.052483
21
13.110380
0
LINE
8
Layer 1
10
-161.052483
20
13.110380
11
-162.850870
21
13.247360
0
LINE
8
Layer 1
10
-162.850870
20
13.247360
11
-162.851510
21
13.247400
0
LINE
8
Layer 1
10
-155.692640
20
14.589250
11
-154.517140
21
14.885240
0
LINE
8
Layer 1
10
-154.517140
20
14.885240
11
-154.517000
21
38.924100
0
LINE
8
Layer 1
10
-154.517000
20
38.924100
11
-154.517000
21
62.963000
0
LINE
8
Layer 1
10
-154.517000
20
62.963000
11
-155.376900
21
63.432810
0
LINE
8
Layer 1
10
-155.376900
20
63.432810
11
-156.699245
21
63.808780
0
LINE
8
Layer 1
10
-156.699245
20
63.808780
11
-159.411790
21
63.902630
0
LINE
8
Layer 1
10
-159.411790
20
63.902630
11
-162.124336
21
63.808765
0
LINE
8
Layer 1
10
-162.124336
20
63.808765
11
-163.446690
21
63.432810
0
LINE
8
Layer 1
10
-163.446690
20
63.432810
11
-164.306580
21
62.963000
0
LINE
8
Layer 1
10
-164.306580
20
62.963000
11
-164.307000
21
38.900300
0
LINE
8
Layer 1
10
-164.307000
20
38.900300
11
-164.307000
21
14.837500
0
LINE
8
Layer 1
10
-164.307000
20
14.837500
11
-163.447110
21
14.589210
0
LINE
8
Layer 1
10
-163.447110
20
14.589210
11
-161.917624
21
14.391107
0
LINE
8
Layer 1
10
-161.917624
20
14.391107
11
-159.637102
21
14.325070
0
LINE
8
Layer 1
10
-159.637102
20
14.325070
11
-157.323037
21
14.391100
0
LINE
8
Layer 1
10
-157.323037
20
14.391100
11
-155.692920
21
14.589200
0
LINE
8
Layer 1
10
-155.692920
20
14.589200
11
-155.692640
21
14.589250
0
LINE
8
Layer 1
10
-91.521840
20
13.225220
11
-92.625709
21
13.585528
0
LINE
8
Layer 1
10
-92.625709
20
13.585528
11
-93.572370
21
14.378840
0
LINE
8
Layer 1
10
-93.572370
20
14.378840
11
-94.456700
21
15.343820
0
LINE
8
Layer 1
10
-94.456700
20
15.343820
11
-94.456500
21
35.605000
0
LINE
8
Layer 1
10
-94.456500
20
35.605000
11
-94.456500
21
55.866200
0
LINE
8
Layer 1
10
-94.456500
20
55.866200
11
-93.731440
21
57.370890
0
LINE
8
Layer 1
10
-93.731440
20
57.370890
11
-92.510444
21
59.225521
0
LINE
8
Layer 1
10
-92.510444
20
59.225521
11
-90.685444
21
61.236334
0
LINE
8
Layer 1
10
-90.685444
20
61.236334
11
-88.614922
21
63.051267
0
LINE
8
Layer 1
10
-88.614922
20
63.051267
11
-86.657360
21
64.318260
0
LINE
8
Layer 1
10
-86.657360
20
64.318260
11
-84.811350
21
65.225590
0
LINE
8
Layer 1
10
-84.811350
20
65.225590
11
-72.767450
21
65.299590
0
LINE
8
Layer 1
10
-72.767450
20
65.299590
11
-60.723550
21
65.373590
0
LINE
8
Layer 1
10
-60.723550
20
65.373590
11
-58.792650
21
64.419280
0
LINE
8
Layer 1
10
-58.792650
20
64.419280
11
-56.917080
21
63.247945
0
LINE
8
Layer 1
10
-56.917080
20
63.247945
11
-55.044379
21
61.666202
0
LINE
8
Layer 1
10
-55.044379
20
61.666202
11
-53.425018
21
59.913239
0
LINE
8
Layer 1
10
-53.425018
20
59.913239
11
-52.309470
21
58.228240
0
LINE
8
Layer 1
10
-52.309470
20
58.228240
11
-51.594010
21
56.787230
0
LINE
8
Layer 1
10
-51.594010
20
56.787230
11
-51.594000
21
36.630800
0
LINE
8
Layer 1
10
-51.594000
20
36.630800
11
-51.664316
21
20.085625
0
LINE
8
Layer 1
10
-51.664316
20
20.085625
11
-51.778583
21
16.820084
0
LINE
8
Layer 1
10
-51.778583
20
16.820084
11
-51.969030
21
15.576900
0
LINE
8
Layer 1
10
-51.969030
20
15.576900
11
-52.728861
21
14.353138
0
LINE
8
Layer 1
10
-52.728861
20
14.353138
11
-53.879010
21
13.547829
0
LINE
8
Layer 1
10
-53.879010
20
13.547829
11
-55.544904
21
13.105397
0
LINE
8
Layer 1
10
-55.544904
20
13.105397
11
-57.851970
21
12.970270
0
LINE
8
Layer 1
10
-57.851970
20
12.970270
11
-59.729185
21
13.066150
0
LINE
8
Layer 1
10
-59.729185
20
13.066150
11
-61.180882
21
13.359974
0
LINE
8
Layer 1
10
-61.180882
20
13.359974
11
-62.236306
21
13.861013
0
LINE
8
Layer 1
10
-62.236306
20
13.861013
11
-62.924700
21
14.578540
0
LINE
8
Layer 1
10
-62.924700
20
14.578540
11
-63.097655
21
15.662809
0
LINE
8
Layer 1
10
-63.097655
20
15.662809
11
-63.200388
21
18.744738
0
LINE
8
Layer 1
10
-63.200388
20
18.744738
11
-63.246200
21
33.979840
0
LINE
8
Layer 1
10
-63.246200
20
33.979840
11
-63.217200
21
52.816640
0
LINE
8
Layer 1
10
-63.217200
20
52.816640
11
-63.828030
21
53.723050
0
LINE
8
Layer 1
10
-63.828030
20
53.723050
11
-64.521670
21
54.539930
0
LINE
8
Layer 1
10
-64.521670
20
54.539930
11
-65.331590
21
55.231080
0
LINE
8
Layer 1
10
-65.331590
20
55.231080
11
-65.961319
21
55.571461
0
LINE
8
Layer 1
10
-65.961319
20
55.571461
11
-66.961511
21
55.750889
0
LINE
8
Layer 1
10
-66.961511
20
55.750889
11
-72.538900
21
55.832690
0
LINE
8
Layer 1
10
-72.538900
20
55.832690
11
-78.109820
21
55.750775
0
LINE
8
Layer 1
10
-78.109820
20
55.750775
11
-79.121804
21
55.573102
0
LINE
8
Layer 1
10
-79.121804
20
55.573102
11
-79.763520
21
55.237370
0
LINE
8
Layer 1
10
-79.763520
20
55.237370
11
-80.565294
21
54.534325
0
LINE
8
Layer 1
10
-80.565294
20
54.534325
11
-81.215020
21
53.679990
0
LINE
8
Layer 1
10
-81.215020
20
53.679990
11
-81.523816
21
52.789190
0
LINE
8
Layer 1
10
-81.523816
20
52.789190
11
-81.685032
21
50.368686
0
LINE
8
Layer 1
10
-81.685032
20
50.368686
11
-81.756480
21
33.951890
0
LINE
8
Layer 1
10
-81.756480
20
33.951890
11
-81.756500
21
15.185900
0
LINE
8
Layer 1
10
-81.756500
20
15.185900
11
-82.514320
21
14.459850
0
LINE
8
Layer 1
10
-82.514320
20
14.459850
11
-83.422186
21
13.834936
0
LINE
8
Layer 1
10
-83.422186
20
13.834936
11
-84.540750
21
13.352020
0
LINE
8
Layer 1
10
-84.540750
20
13.352020
11
-85.896767
21
13.117345
0
LINE
8
Layer 1
10
-85.896767
20
13.117345
11
-87.748243
21
13.013679
0
LINE
8
Layer 1
10
-87.748243
20
13.013679
11
-89.741195
21
13.047456
0
LINE
8
Layer 1
10
-89.741195
20
13.047456
11
-91.521640
21
13.225110
0
LINE
8
Layer 1
10
-91.521640
20
13.225110
11
-91.521840
21
13.225220
0
LINE
8
Layer 1
10
-83.957860
20
15.247770
11
-83.211910
21
15.805420
0
LINE
8
Layer 1
10
-83.211910
20
15.805420
11
-83.079610
21
34.826920
0
LINE
8
Layer 1
10
-83.079610
20
34.826920
11
-82.947320
21
53.848420
0
LINE
8
Layer 1
10
-82.947320
20
53.848420
11
-82.313590
21
54.867860
0
LINE
8
Layer 1
10
-82.313590
20
54.867860
11
-81.447605
21
56.030350
0
LINE
8
Layer 1
10
-81.447605
20
56.030350
11
-80.896852
21
56.389372
0
LINE
8
Layer 1
10
-80.896852
20
56.389372
11
-80.116439
21
56.631175
0
LINE
8
Layer 1
10
-80.116439
20
56.631175
11
-77.413176
21
56.855912
0
LINE
8
Layer 1
10
-77.413176
20
56.855912
11
-72.430900
21
56.890140
0
LINE
8
Layer 1
10
-72.430900
20
56.890140
11
-64.824890
21
56.891130
0
LINE
8
Layer 1
10
-64.824890
20
56.891130
11
-63.748670
21
55.918820
0
LINE
8
Layer 1
10
-63.748670
20
55.918820
11
-63.107795
21
55.355033
0
LINE
8
Layer 1
10
-63.107795
20
55.355033
11
-62.636048
21
54.788619
0
LINE
8
Layer 1
10
-62.636048
20
54.788619
11
-62.307638
21
53.917540
0
LINE
8
Layer 1
10
-62.307638
20
53.917540
11
-62.096774
21
52.439758
0
LINE
8
Layer 1
10
-62.096774
20
52.439758
11
-61.924518
21
46.455928
0
LINE
8
Layer 1
10
-61.924518
20
46.455928
11
-61.912950
21
34.420820
0
LINE
8
Layer 1
10
-61.912950
20
34.420820
11
-61.912800
21
15.363800
0
LINE
8
Layer 1
10
-61.912800
20
15.363800
11
-61.262610
21
14.937780
0
LINE
8
Layer 1
10
-61.262610
20
14.937780
11
-60.810108
21
14.729767
0
LINE
8
Layer 1
10
-60.810108
20
14.729767
11
-60.143050
21
14.613226
0
LINE
8
Layer 1
10
-60.143050
20
14.613226
11
-57.578990
21
14.600950
0
LINE
8
Layer 1
10
-57.578990
20
14.600950
11
-54.912441
21
14.776296
0
LINE
8
Layer 1
10
-54.912441
20
14.776296
11
-54.316730
21
14.980695
0
LINE
8
Layer 1
10
-54.316730
20
14.980695
11
-53.863560
21
15.331570
0
LINE
8
Layer 1
10
-53.863560
20
15.331570
11
-53.181550
21
15.973010
0
LINE
8
Layer 1
10
-53.181550
20
15.973010
11
-53.181500
21
36.310300
0
LINE
8
Layer 1
10
-53.181500
20
36.310300
11
-53.252990
21
54.136675
0
LINE
8
Layer 1
10
-53.252990
20
54.136675
11
-53.416029
21
56.748625
0
LINE
8
Layer 1
10
-53.416029
20
56.748625
11
-53.729420
21
57.721600
0
LINE
8
Layer 1
10
-53.729420
20
57.721600
11
-54.652608
21
59.044073
0
LINE
8
Layer 1
10
-54.652608
20
59.044073
11
-56.064260
21
60.529375
0
LINE
8
Layer 1
10
-56.064260
20
60.529375
11
-57.698684
21
61.926124
0
LINE
8
Layer 1
10
-57.698684
20
61.926124
11
-59.290190
21
62.982940
0
LINE
8
Layer 1
10
-59.290190
20
62.982940
11
-60.986710
21
63.902550
0
LINE
8
Layer 1
10
-60.986710
20
63.902550
11
-72.501500
21
63.902600
0
LINE
8
Layer 1
10
-72.501500
20
63.902600
11
-84.016200
21
63.902600
0
LINE
8
Layer 1
10
-84.016200
20
63.902600
11
-85.862920
21
62.999330
0
LINE
8
Layer 1
10
-85.862920
20
62.999330
11
-87.656866
21
61.857627
0
LINE
8
Layer 1
10
-87.656866
20
61.857627
11
-89.542855
21
60.244763
0
LINE
8
Layer 1
10
-89.542855
20
60.244763
11
-91.192534
21
58.474889
0
LINE
8
Layer 1
10
-91.192534
20
58.474889
11
-92.277550
21
56.862160
0
LINE
8
Layer 1
10
-92.277550
20
56.862160
11
-92.869020
21
55.642550
0
LINE
8
Layer 1
10
-92.869020
20
55.642550
11
-92.869000
21
35.670400
0
LINE
8
Layer 1
10
-92.869000
20
35.670400
11
-92.799985
21
18.615012
0
LINE
8
Layer 1
10
-92.799985
20
18.615012
11
-92.661134
21
16.009352
0
LINE
8
Layer 1
10
-92.661134
20
16.009352
11
-92.405980
21
15.294900
0
LINE
8
Layer 1
10
-92.405980
20
15.294900
11
-91.855609
21
14.902568
0
LINE
8
Layer 1
10
-91.855609
20
14.902568
11
-91.138349
21
14.693074
0
LINE
8
Layer 1
10
-91.138349
20
14.693074
11
-87.926410
21
14.634330
0
LINE
8
Layer 1
10
-87.926410
20
14.634330
11
-85.131251
21
14.776846
0
LINE
8
Layer 1
10
-85.131251
20
14.776846
11
-84.456869
21
14.953485
0
LINE
8
Layer 1
10
-84.456869
20
14.953485
11
-83.957660
21
15.247840
0
LINE
8
Layer 1
10
-83.957660
20
15.247840
11
-83.957860
21
15.247770
0
LINE
8
Layer 1
10
-382.658000
20
40.232300
11
-384.038426
21
40.692684
0
LINE
8
Layer 1
10
-384.038426
20
40.692684
11
-385.276577
21
41.342131
0
LINE
8
Layer 1
10
-385.276577
20
41.342131
11
-386.359575
21
42.164267
0
LINE
8
Layer 1
10
-386.359575
20
42.164267
11
-387.274541
21
43.142716
0
LINE
8
Layer 1
10
-387.274541
20
43.142716
11
-388.008599
21
44.261105
0
LINE
8
Layer 1
10
-388.008599
20
44.261105
11
-388.548870
21
45.503059
0
LINE
8
Layer 1
10
-388.548870
20
45.503059
11
-388.882476
21
46.852202
0
LINE
8
Layer 1
10
-388.882476
20
46.852202
11
-388.996540
21
48.292160
0
LINE
8
Layer 1
10
-388.996540
20
48.292160
11
-388.841619
21
49.981236
0
LINE
8
Layer 1
10
-388.841619
20
49.981236
11
-388.393015
21
51.527835
0
LINE
8
Layer 1
10
-388.393015
20
51.527835
11
-387.674968
21
52.907562
0
LINE
8
Layer 1
10
-387.674968
20
52.907562
11
-386.711714
21
54.096024
0
LINE
8
Layer 1
10
-386.711714
20
54.096024
11
-385.527493
21
55.068826
0
LINE
8
Layer 1
10
-385.527493
20
55.068826
11
-384.146543
21
55.801576
0
LINE
8
Layer 1
10
-384.146543
20
55.801576
11
-382.593102
21
56.269878
0
LINE
8
Layer 1
10
-382.593102
20
56.269878
11
-380.891410
21
56.449340
0
LINE
8
Layer 1
10
-380.891410
20
56.449340
11
-379.671819
21
56.384385
0
LINE
8
Layer 1
10
-379.671819
20
56.384385
11
-378.512504
21
56.154873
0
LINE
8
Layer 1
10
-378.512504
20
56.154873
11
-377.421260
21
55.765756
0
LINE
8
Layer 1
10
-377.421260
20
55.765756
11
-376.405885
21
55.221988
0
LINE
8
Layer 1
10
-376.405885
20
55.221988
11
-375.474174
21
54.528520
0
LINE
8
Layer 1
10
-375.474174
20
54.528520
11
-374.633924
21
53.690306
0
LINE
8
Layer 1
10
-374.633924
20
53.690306
11
-373.892930
21
52.712298
0
LINE
8
Layer 1
10
-373.892930
20
52.712298
11
-373.258990
21
51.599450
0
LINE
8
Layer 1
10
-373.258990
20
51.599450
11
-372.763113
21
50.021664
0
LINE
8
Layer 1
10
-372.763113
20
50.021664
11
-372.626290
21
48.194711
0
LINE
8
Layer 1
10
-372.626290
20
48.194711
11
-372.843775
21
46.335503
0
LINE
8
Layer 1
10
-372.843775
20
46.335503
11
-373.410820
21
44.660950
0
LINE
8
Layer 1
10
-373.410820
20
44.660950
11
-374.158291
21
43.440827
0
LINE
8
Layer 1
10
-374.158291
20
43.440827
11
-375.124099
21
42.343524
0
LINE
8
Layer 1
10
-375.124099
20
42.343524
11
-376.251230
21
41.423983
0
LINE
8
Layer 1
10
-376.251230
20
41.423983
11
-377.482670
21
40.737150
0
LINE
8
Layer 1
10
-377.482670
20
40.737150
11
-378.679716
21
40.359782
0
LINE
8
Layer 1
10
-378.679716
20
40.359782
11
-380.081390
21
40.136185
0
LINE
8
Layer 1
10
-380.081390
20
40.136185
11
-381.477537
21
40.086858
0
LINE
8
Layer 1
10
-381.477537
20
40.086858
11
-382.658000
21
40.232300
0
LINE
8
Layer 1
10
-382.658000
20
40.232300
11
-382.658000
21
40.232300
0
LINE
8
Layer 1
10
-377.938380
20
42.286500
11
-376.356598
21
43.367589
0
LINE
8
Layer 1
10
-376.356598
20
43.367589
11
-375.206695
21
44.746566
0
LINE
8
Layer 1
10
-375.206695
20
44.746566
11
-374.504872
21
46.396925
0
LINE
8
Layer 1
10
-374.504872
20
46.396925
11
-374.267330
21
48.292160
0
LINE
8
Layer 1
10
-374.267330
20
48.292160
11
-374.353831
21
49.668837
0
LINE
8
Layer 1
10
-374.353831
20
49.668837
11
-374.648133
21
50.803668
0
LINE
8
Layer 1
10
-374.648133
20
50.803668
11
-375.202433
21
51.829557
0
LINE
8
Layer 1
10
-375.202433
20
51.829557
11
-376.068930
21
52.879410
0
LINE
8
Layer 1
10
-376.068930
20
52.879410
11
-377.487033
21
54.026367
0
LINE
8
Layer 1
10
-377.487033
20
54.026367
11
-379.074250
21
54.707099
0
LINE
8
Layer 1
10
-379.074250
20
54.707099
11
-380.742548
21
54.942841
0
LINE
8
Layer 1
10
-380.742548
20
54.942841
11
-382.403896
21
54.754825
0
LINE
8
Layer 1
10
-382.403896
20
54.754825
11
-383.970261
21
54.164286
0
LINE
8
Layer 1
10
-383.970261
20
54.164286
11
-385.353610
21
53.192458
0
LINE
8
Layer 1
10
-385.353610
20
53.192458
11
-386.465910
21
51.860575
0
LINE
8
Layer 1
10
-386.465910
20
51.860575
11
-387.219130
21
50.189870
0
LINE
8
Layer 1
10
-387.219130
20
50.189870
11
-387.497870
21
49.124882
0
LINE
8
Layer 1
10
-387.497870
20
49.124882
11
-387.588734
21
48.282933
0
LINE
8
Layer 1
10
-387.588734
20
48.282933
11
-387.490746
21
47.431994
0
LINE
8
Layer 1
10
-387.490746
20
47.431994
11
-387.202930
21
46.340040
0
LINE
8
Layer 1
10
-387.202930
20
46.340040
11
-386.534469
21
44.843735
0
LINE
8
Layer 1
10
-386.534469
20
44.843735
11
-385.504114
21
43.546231
0
LINE
8
Layer 1
10
-385.504114
20
43.546231
11
-384.169774
21
42.504810
0
LINE
8
Layer 1
10
-384.169774
20
42.504810
11
-382.589360
21
41.776750
0
LINE
8
Layer 1
10
-382.589360
20
41.776750
11
-381.578545
21
41.628735
0
LINE
8
Layer 1
10
-381.578545
20
41.628735
11
-380.294920
21
41.683145
0
LINE
8
Layer 1
10
-380.294920
20
41.683145
11
-378.995747
21
41.911795
0
LINE
8
Layer 1
10
-378.995747
20
41.911795
11
-377.938290
21
42.286500
0
LINE
8
Layer 1
10
-377.938290
20
42.286500
11
-377.938380
21
42.286500
0
LINE
8
Layer 1
10
-161.466380
20
66.426000
11
-162.846809
21
66.886387
0
LINE
8
Layer 1
10
-162.846809
20
66.886387
11
-164.084961
21
67.535837
0
LINE
8
Layer 1
10
-164.084961
20
67.535837
11
-165.167959
21
68.357974
0
LINE
8
Layer 1
10
-165.167959
20
68.357974
11
-166.082925
21
69.336425
0
LINE
8
Layer 1
10
-166.082925
20
69.336425
11
-166.816982
21
70.454815
0
LINE
8
Layer 1
10
-166.816982
20
70.454815
11
-167.357251
21
71.696768
0
LINE
8
Layer 1
10
-167.357251
20
71.696768
11
-167.690857
21
73.045912
0
LINE
8
Layer 1
10
-167.690857
20
73.045912
11
-167.804920
21
74.485870
0
LINE
8
Layer 1
10
-167.804920
20
74.485870
11
-167.650000
21
76.174946
0
LINE
8
Layer 1
10
-167.650000
20
76.174946
11
-167.201397
21
77.721545
0
LINE
8
Layer 1
10
-167.201397
20
77.721545
11
-166.483350
21
79.101272
0
LINE
8
Layer 1
10
-166.483350
20
79.101272
11
-165.520097
21
80.289734
0
LINE
8
Layer 1
10
-165.520097
20
80.289734
11
-164.335877
21
81.262536
0
LINE
8
Layer 1
10
-164.335877
20
81.262536
11
-162.954927
21
81.995286
0
LINE
8
Layer 1
10
-162.954927
20
81.995286
11
-161.401485
21
82.463588
0
LINE
8
Layer 1
10
-161.401485
20
82.463588
11
-159.699790
21
82.643050
0
LINE
8
Layer 1
10
-159.699790
20
82.643050
11
-158.480199
21
82.578095
0
LINE
8
Layer 1
10
-158.480199
20
82.578095
11
-157.320885
21
82.348583
0
LINE
8
Layer 1
10
-157.320885
20
82.348583
11
-156.229643
21
81.959466
0
LINE
8
Layer 1
10
-156.229643
20
81.959466
11
-155.214269
21
81.415698
0
LINE
8
Layer 1
10
-155.214269
20
81.415698
11
-154.282558
21
80.722230
0
LINE
8
Layer 1
10
-154.282558
20
80.722230
11
-153.442308
21
79.884016
0
LINE
8
Layer 1
10
-153.442308
20
79.884016
11
-152.701313
21
78.906008
0
LINE
8
Layer 1
10
-152.701313
20
78.906008
11
-152.067370
21
77.793160
0
LINE
8
Layer 1
10
-152.067370
20
77.793160
11
-151.571497
21
76.215374
0
LINE
8
Layer 1
10
-151.571497
20
76.215374
11
-151.434674
21
74.388421
0
LINE
8
Layer 1
10
-151.434674
20
74.388421
11
-151.652156
21
72.529213
0
LINE
8
Layer 1
10
-151.652156
20
72.529213
11
-152.219200
21
70.854660
0
LINE
8
Layer 1
10
-152.219200
20
70.854660
11
-152.966677
21
69.634537
0
LINE
8
Layer 1
10
-152.966677
20
69.634537
11
-153.932487
21
68.537234
0
LINE
8
Layer 1
10
-153.932487
20
68.537234
11
-155.059620
21
67.617693
0
LINE
8
Layer 1
10
-155.059620
20
67.617693
11
-156.291060
21
66.930860
0
LINE
8
Layer 1
10
-156.291060
20
66.930860
11
-157.488100
21
66.553492
0
LINE
8
Layer 1
10
-157.488100
20
66.553492
11
-158.889771
21
66.329894
0
LINE
8
Layer 1
10
-158.889771
20
66.329894
11
-160.285917
21
66.280564
0
LINE
8
Layer 1
10
-160.285917
20
66.280564
11
-161.466380
21
66.426000
0
LINE
8
Layer 1
10
-161.466380
20
66.426000
11
-161.466380
21
66.426000
0
LINE
8
Layer 1
10
-156.746760
20
68.480210
11
-155.164984
21
69.561299
0
LINE
8
Layer 1
10
-155.164984
20
69.561299
11
-154.015084
21
70.940276
0
LINE
8
Layer 1
10
-154.015084
20
70.940276
11
-153.313261
21
72.590635
0
LINE
8
Layer 1
10
-153.313261
20
72.590635
11
-153.075720
21
74.485870
0
LINE
8
Layer 1
10
-153.075720
20
74.485870
11
-153.162221
21
75.862547
0
LINE
8
Layer 1
10
-153.162221
20
75.862547
11
-153.456521
21
76.997378
0
LINE
8
Layer 1
10
-153.456521
20
76.997378
11
-154.010819
21
78.023267
0
LINE
8
Layer 1
10
-154.010819
20
78.023267
11
-154.877310
21
79.073120
0
LINE
8
Layer 1
10
-154.877310
20
79.073120
11
-156.295413
21
80.220077
0
LINE
8
Layer 1
10
-156.295413
20
80.220077
11
-157.882630
21
80.900809
0
LINE
8
Layer 1
10
-157.882630
20
80.900809
11
-159.550928
21
81.136551
0
LINE
8
Layer 1
10
-159.550928
20
81.136551
11
-161.212276
21
80.948535
0
LINE
8
Layer 1
10
-161.212276
20
80.948535
11
-162.778641
21
80.357996
0
LINE
8
Layer 1
10
-162.778641
20
80.357996
11
-164.161990
21
79.386168
0
LINE
8
Layer 1
10
-164.161990
20
79.386168
11
-165.274290
21
78.054285
0
LINE
8
Layer 1
10
-165.274290
20
78.054285
11
-166.027510
21
76.383580
0
LINE
8
Layer 1
10
-166.027510
20
76.383580
11
-166.306251
21
75.318592
0
LINE
8
Layer 1
10
-166.306251
20
75.318592
11
-166.397118
21
74.476643
0
LINE
8
Layer 1
10
-166.397118
20
74.476643
11
-166.299130
21
73.625704
0
LINE
8
Layer 1
10
-166.299130
20
73.625704
11
-166.011310
21
72.533750
0
LINE
8
Layer 1
10
-166.011310
20
72.533750
11
-165.342855
21
71.037445
0
LINE
8
Layer 1
10
-165.342855
20
71.037445
11
-164.312502
21
69.739941
0
LINE
8
Layer 1
10
-164.312502
20
69.739941
11
-162.978164
21
68.698520
0
LINE
8
Layer 1
10
-162.978164
20
68.698520
11
-161.397750
21
67.970460
0
LINE
8
Layer 1
10
-161.397750
20
67.970460
11
-160.386930
21
67.822445
0
LINE
8
Layer 1
10
-160.386930
20
67.822445
11
-159.103301
21
67.876855
0
LINE
8
Layer 1
10
-159.103301
20
67.876855
11
-157.804127
21
68.105505
0
LINE
8
Layer 1
10
-157.804127
20
68.105505
11
-156.746670
21
68.480210
0
LINE
8
Layer 1
10
-156.746670
20
68.480210
11
-156.746760
21
68.480210
0
LINE
8
Layer 1
10
-234.302060
20
110.047610
11
-248.973260
21
118.734020
0
LINE
8
Layer 1
10
-248.973260
20
118.734020
11
-323.698860
21
162.534120
0
LINE
8
Layer 1
10
-323.698860
20
162.534120
11
-333.425236
21
168.141794
0
LINE
8
Layer 1
10
-333.425236
20
168.141794
11
-335.502257
21
169.204651
0
LINE
8
Layer 1
10
-335.502257
20
169.204651
11
-336.266560
21
169.404650
0
LINE
8
Layer 1
10
-336.266560
20
169.404650
11
-340.564605
21
166.764787
0
LINE
8
Layer 1
10
-340.564605
20
166.764787
11
-343.589810
21
165.263740
0
LINE
8
Layer 1
10
-343.589810
20
165.263740
11
-345.830444
21
164.422537
0
LINE
8
Layer 1
10
-345.830444
20
164.422537
11
-348.110341
21
163.754433
0
LINE
8
Layer 1
10
-348.110341
20
163.754433
11
-350.419572
21
163.257637
0
LINE
8
Layer 1
10
-350.419572
20
163.257637
11
-352.748210
21
162.930359
0
LINE
8
Layer 1
10
-352.748210
20
162.930359
11
-355.086326
21
162.770809
0
LINE
8
Layer 1
10
-355.086326
20
162.770809
11
-357.423991
21
162.777198
0
LINE
8
Layer 1
10
-357.423991
20
162.777198
11
-359.751279
21
162.947737
0
LINE
8
Layer 1
10
-359.751279
20
162.947737
11
-362.058260
21
163.280634
0
LINE
8
Layer 1
10
-362.058260
20
163.280634
11
-364.335007
21
163.774100
0
LINE
8
Layer 1
10
-364.335007
20
163.774100
11
-366.571591
21
164.426346
0
LINE
8
Layer 1
10
-366.571591
20
164.426346
11
-368.758085
21
165.235582
0
LINE
8
Layer 1
10
-368.758085
20
165.235582
11
-370.884560
21
166.200017
0
LINE
8
Layer 1
10
-370.884560
20
166.200017
11
-372.941088
21
167.317862
0
LINE
8
Layer 1
10
-372.941088
20
167.317862
11
-374.917741
21
168.587328
0
LINE
8
Layer 1
10
-374.917741
20
168.587328
11
-376.804591
21
170.006624
0
LINE
8
Layer 1
10
-376.804591
20
170.006624
11
-378.591710
21
171.573960
0
LINE
8
Layer 1
10
-378.591710
20
171.573960
11
-381.078503
21
174.184087
0
LINE
8
Layer 1
10
-381.078503
20
174.184087
11
-383.222055
21
176.989706
0
LINE
8
Layer 1
10
-383.222055
20
176.989706
11
-385.040317
21
180.017252
0
LINE
8
Layer 1
10
-385.040317
20
180.017252
11
-386.551240
21
183.293160
0
LINE
8
Layer 1
10
-386.551240
20
183.293160
11
-387.677302
21
186.687140
0
LINE
8
Layer 1
10
-387.677302
20
186.687140
11
-388.406885
21
190.204752
0
LINE
8
Layer 1
10
-388.406885
20
190.204752
11
-388.743609
21
193.793040
0
LINE
8
Layer 1
10
-388.743609
20
193.793040
11
-388.691095
21
197.399047
0
LINE
8
Layer 1
10
-388.691095
20
197.399047
11
-388.252962
21
200.969819
0
LINE
8
Layer 1
10
-388.252962
20
200.969819
11
-387.432832
21
204.452399
0
LINE
8
Layer 1
10
-387.432832
20
204.452399
11
-386.234325
21
207.793831
0
LINE
8
Layer 1
10
-386.234325
20
207.793831
11
-384.661060
21
210.941160
0
LINE
8
Layer 1
10
-384.661060
20
210.941160
11
-382.741858
21
213.897805
0
LINE
8
Layer 1
10
-382.741858
20
213.897805
11
-380.574600
21
216.586335
0
LINE
8
Layer 1
10
-380.574600
20
216.586335
11
-378.169873
21
218.999083
0
LINE
8
Layer 1
10
-378.169873
20
218.999083
11
-375.538265
21
221.128382
0
LINE
8
Layer 1
10
-375.538265
20
221.128382
11
-372.690362
21
222.966566
0
LINE
8
Layer 1
10
-372.690362
20
222.966566
11
-369.636752
21
224.505968
0
LINE
8
Layer 1
10
-369.636752
20
224.505968
11
-366.388023
21
225.738922
0
LINE
8
Layer 1
10
-366.388023
20
225.738922
11
-362.954760
21
226.657760
0
LINE
8
Layer 1
10
-362.954760
20
226.657760
11
-360.076227
21
227.029841
0
LINE
8
Layer 1
10
-360.076227
20
227.029841
11
-356.510215
21
227.151651
0
LINE
8
Layer 1
10
-356.510215
20
227.151651
11
-352.938826
21
227.023766
0
LINE
8
Layer 1
10
-352.938826
20
227.023766
11
-350.044160
21
226.646760
0
LINE
8
Layer 1
10
-350.044160
20
226.646760
11
-347.624461
21
226.045404
0
LINE
8
Layer 1
10
-347.624461
20
226.045404
11
-345.326402
21
225.306849
0
LINE
8
Layer 1
10
-345.326402
20
225.306849
11
-343.138941
21
224.425107
0
LINE
8
Layer 1
10
-343.138941
20
224.425107
11
-341.051036
21
223.394187
0
LINE
8
Layer 1
10
-341.051036
20
223.394187
11
-339.051647
21
222.208102
0
LINE
8
Layer 1
10
-339.051647
20
222.208102
11
-337.129732
21
220.860860
0
LINE
8
Layer 1
10
-337.129732
20
220.860860
11
-335.274250
21
219.346472
0
LINE
8
Layer 1
10
-335.274250
20
219.346472
11
-333.474160
21
217.658950
0
LINE
8
Layer 1
10
-333.474160
20
217.658950
11
-331.252744
21
215.241714
0
LINE
8
Layer 1
10
-331.252744
20
215.241714
11
-329.338556
21
212.734827
0
LINE
8
Layer 1
10
-329.338556
20
212.734827
11
-327.725911
21
210.124738
0
LINE
8
Layer 1
10
-327.725911
20
210.124738
11
-326.409122
21
207.397899
0
LINE
8
Layer 1
10
-326.409122
20
207.397899
11
-325.382504
21
204.540760
0
LINE
8
Layer 1
10
-325.382504
20
204.540760
11
-324.640370
21
201.539771
0
LINE
8
Layer 1
10
-324.640370
20
201.539771
11
-324.177034
21
198.381385
0
LINE
8
Layer 1
10
-324.177034
20
198.381385
11
-323.986810
21
195.052050
0
LINE
8
Layer 1
10
-323.986810
20
195.052050
11
-323.871657
21
192.124914
0
LINE
8
Layer 1
10
-323.871657
20
192.124914
11
-323.687250
21
190.778140
0
LINE
8
Layer 1
10
-323.687250
20
190.778140
11
-313.166591
21
184.574174
0
LINE
8
Layer 1
10
-313.166591
20
184.574174
11
-290.116050
21
171.266140
0
LINE
8
Layer 1
10
-290.116050
20
171.266140
11
-245.269150
21
145.450240
0
LINE
8
Layer 1
10
-245.269150
20
145.450240
11
-213.541650
21
127.054427
0
LINE
8
Layer 1
10
-213.541650
20
127.054427
11
-210.278162
21
124.985154
0
LINE
8
Layer 1
10
-210.278162
20
124.985154
11
-210.045839
21
124.689939
0
LINE
8
Layer 1
10
-210.045839
20
124.689939
11
-210.079550
21
124.490440
0
LINE
8
Layer 1
10
-210.079550
20
124.490440
11
-210.238664
21
123.481735
0
LINE
8
Layer 1
10
-210.238664
20
123.481735
11
-210.404778
21
123.158277
0
LINE
8
Layer 1
10
-210.404778
20
123.158277
11
-210.599460
21
123.036880
0
LINE
8
Layer 1
10
-210.599460
20
123.036880
11
-221.088360
21
116.925310
0
LINE
8
Layer 1
10
-221.088360
20
116.925310
11
-232.261748
21
110.403842
0
LINE
8
Layer 1
10
-232.261748
20
110.403842
11
-233.770471
21
109.794995
0
LINE
8
Layer 1
10
-233.770471
20
109.794995
11
-234.076807
21
109.856097
0
LINE
8
Layer 1
10
-234.076807
20
109.856097
11
-234.302160
21
110.047570
0
LINE
8
Layer 1
10
-234.302160
20
110.047570
11
-234.302060
21
110.047610
0
LINE
8
Layer 1
10
-212.010060
20
124.296110
11
-218.827335
21
128.381195
0
LINE
8
Layer 1
10
-218.827335
20
128.381195
11
-235.293360
21
137.927510
0
LINE
8
Layer 1
10
-235.293360
20
137.927510
11
-292.100260
21
170.792310
0
LINE
8
Layer 1
10
-292.100260
20
170.792310
11
-314.309360
21
183.604710
0
LINE
8
Layer 1
10
-314.309360
20
183.604710
11
-325.327360
21
189.994720
0
LINE
8
Layer 1
10
-325.327360
20
189.994720
11
-325.541073
21
190.940260
0
LINE
8
Layer 1
10
-325.541073
20
190.940260
11
-325.505080
21
193.513120
0
LINE
8
Layer 1
10
-325.505080
20
193.513120
11
-325.490625
21
195.770467
0
LINE
8
Layer 1
10
-325.490625
20
195.770467
11
-325.640220
21
198.001772
0
LINE
8
Layer 1
10
-325.640220
20
198.001772
11
-325.949479
21
200.199597
0
LINE
8
Layer 1
10
-325.949479
20
200.199597
11
-326.414015
21
202.356504
0
LINE
8
Layer 1
10
-326.414015
20
202.356504
11
-327.029442
21
204.465054
0
LINE
8
Layer 1
10
-327.029442
20
204.465054
11
-327.791374
21
206.517807
0
LINE
8
Layer 1
10
-327.791374
20
206.517807
11
-328.695422
21
208.507325
0
LINE
8
Layer 1
10
-328.695422
20
208.507325
11
-329.737203
21
210.426170
0
LINE
8
Layer 1
10
-329.737203
20
210.426170
11
-330.912327
21
212.266902
0
LINE
8
Layer 1
10
-330.912327
20
212.266902
11
-332.216410
21
214.022083
0
LINE
8
Layer 1
10
-332.216410
20
214.022083
11
-333.645064
21
215.684274
0
LINE
8
Layer 1
10
-333.645064
20
215.684274
11
-335.193903
21
217.246036
0
LINE
8
Layer 1
10
-335.193903
20
217.246036
11
-336.858541
21
218.699930
0
LINE
8
Layer 1
10
-336.858541
20
218.699930
11
-338.634591
21
220.038518
0
LINE
8
Layer 1
10
-338.634591
20
220.038518
11
-340.517666
21
221.254361
0
LINE
8
Layer 1
10
-340.517666
20
221.254361
11
-342.503380
21
222.340020
0
LINE
8
Layer 1
10
-342.503380
20
222.340020
11
-346.443315
21
223.994801
0
LINE
8
Layer 1
10
-346.443315
20
223.994801
11
-350.488702
21
225.088787
0
LINE
8
Layer 1
10
-350.488702
20
225.088787
11
-354.592303
21
225.625353
0
LINE
8
Layer 1
10
-354.592303
20
225.625353
11
-358.706880
21
225.607875
0
LINE
8
Layer 1
10
-358.706880
20
225.607875
11
-362.785194
21
225.039731
0
LINE
8
Layer 1
10
-362.785194
20
225.039731
11
-366.780008
21
223.924296
0
LINE
8
Layer 1
10
-366.780008
20
223.924296
11
-370.644083
21
222.264947
0
LINE
8
Layer 1
10
-370.644083
20
222.264947
11
-374.330180
21
220.065060
0
LINE
8
Layer 1
10
-374.330180
20
220.065060
11
-376.498295
21
218.303962
0
LINE
8
Layer 1
10
-376.498295
20
218.303962
11
-378.871759
21
215.965701
0
LINE
8
Layer 1
10
-378.871759
20
215.965701
11
-381.058148
21
213.466582
0
LINE
8
Layer 1
10
-381.058148
20
213.466582
11
-382.665040
21
211.222910
0
LINE
8
Layer 1
10
-382.665040
20
211.222910
11
-383.844123
21
209.092939
0
LINE
8
Layer 1
10
-383.844123
20
209.092939
11
-384.849562
21
206.927218
0
LINE
8
Layer 1
10
-384.849562
20
206.927218
11
-385.681687
21
204.732170
0
LINE
8
Layer 1
10
-385.681687
20
204.732170
11
-386.340829
21
202.514218
0
LINE
8
Layer 1
10
-386.340829
20
202.514218
11
-386.827317
21
200.279782
0
LINE
8
Layer 1
10
-386.827317
20
200.279782
11
-387.141481
21
198.035286
0
LINE
8
Layer 1
10
-387.141481
20
198.035286
11
-387.283652
21
195.787150
0
LINE
8
Layer 1
10
-387.283652
20
195.787150
11
-387.254159
21
193.541797
0
LINE
8
Layer 1
10
-387.254159
20
193.541797
11
-387.053333
21
191.305650
0
LINE
8
Layer 1
10
-387.053333
20
191.305650
11
-386.681503
21
189.085130
0
LINE
8
Layer 1
10
-386.681503
20
189.085130
11
-386.139000
21
186.886659
0
LINE
8
Layer 1
10
-386.139000
20
186.886659
11
-385.426154
21
184.716658
0
LINE
8
Layer 1
10
-385.426154
20
184.716658
11
-384.543295
21
182.581552
0
LINE
8
Layer 1
10
-384.543295
20
182.581552
11
-383.490753
21
180.487760
0
LINE
8
Layer 1
10
-383.490753
20
180.487760
11
-382.268858
21
178.441705
0
LINE
8
Layer 1
10
-382.268858
20
178.441705
11
-380.877940
21
176.449810
0
LINE
8
Layer 1
10
-380.877940
20
176.449810
11
-379.545343
21
174.805067
0
LINE
8
Layer 1
10
-379.545343
20
174.805067
11
-378.095817
21
173.258432
0
LINE
8
Layer 1
10
-378.095817
20
173.258432
11
-374.871300
21
170.478402
0
LINE
8
Layer 1
10
-374.871300
20
170.478402
11
-371.255027
21
168.147552
0
LINE
8
Layer 1
10
-371.255027
20
168.147552
11
-367.297640
21
166.303710
0
LINE
8
Layer 1
10
-367.297640
20
166.303710
11
-363.564330
21
165.144995
0
LINE
8
Layer 1
10
-363.564330
20
165.144995
11
-359.708595
21
164.481781
0
LINE
8
Layer 1
10
-359.708595
20
164.481781
11
-355.797354
21
164.304814
0
LINE
8
Layer 1
10
-355.797354
20
164.304814
11
-351.897522
21
164.604840
0
LINE
8
Layer 1
10
-351.897522
20
164.604840
11
-348.076018
21
165.372606
0
LINE
8
Layer 1
10
-348.076018
20
165.372606
11
-344.399758
21
166.598857
0
LINE
8
Layer 1
10
-344.399758
20
166.598857
11
-340.935660
21
168.274339
0
LINE
8
Layer 1
10
-340.935660
20
168.274339
11
-337.750640
21
170.389800
0
LINE
8
Layer 1
10
-337.750640
20
170.389800
11
-336.763140
21
171.080548
0
LINE
8
Layer 1
10
-336.763140
20
171.080548
11
-336.026067
21
171.392516
0
LINE
8
Layer 1
10
-336.026067
20
171.392516
11
-335.425498
21
171.348529
0
LINE
8
Layer 1
10
-335.425498
20
171.348529
11
-334.847510
21
170.971410
0
LINE
8
Layer 1
10
-334.847510
20
170.971410
11
-330.464830
21
168.280250
0
LINE
8
Layer 1
10
-330.464830
20
168.280250
11
-282.178330
21
140.018450
0
LINE
8
Layer 1
10
-282.178330
20
140.018450
11
-235.538630
21
112.706950
0
LINE
8
Layer 1
10
-235.538630
20
112.706950
11
-233.348920
21
111.450360
0
LINE
8
Layer 1
10
-233.348920
20
111.450360
11
-222.706320
21
117.775160
0
LINE
8
Layer 1
10
-222.706320
20
117.775160
11
-212.009920
21
124.295990
0
LINE
8
Layer 1
10
-212.009920
20
124.295990
11
-212.010060
21
124.296110
0
LINE
8
Layer 1
10
-357.130060
20
186.319710
11
-359.100635
21
186.876035
0
LINE
8
Layer 1
10
-359.100635
20
186.876035
11
-360.861944
21
187.876540
0
LINE
8
Layer 1
10
-360.861944
20
187.876540
11
-362.339818
21
189.266490
0
LINE
8
Layer 1
10
-362.339818
20
189.266490
11
-363.460090
21
190.991150
0
LINE
8
Layer 1
10
-363.460090
20
190.991150
11
-364.056724
21
192.604039
0
LINE
8
Layer 1
10
-364.056724
20
192.604039
11
-364.195580
21
194.610280
0
LINE
8
Layer 1
10
-364.195580
20
194.610280
11
-364.050506
21
196.673099
0
LINE
8
Layer 1
10
-364.050506
20
196.673099
11
-363.327910
21
198.503020
0
LINE
8
Layer 1
10
-363.327910
20
198.503020
11
-362.541288
21
199.838438
0
LINE
8
Layer 1
10
-362.541288
20
199.838438
11
-361.587325
21
200.969979
0
LINE
8
Layer 1
10
-361.587325
20
200.969979
11
-360.440567
21
201.922898
0
LINE
8
Layer 1
10
-360.440567
20
201.922898
11
-359.075560
21
202.722450
0
LINE
8
Layer 1
10
-359.075560
20
202.722450
11
-357.428948
21
203.223188
0
LINE
8
Layer 1
10
-357.428948
20
203.223188
11
-355.436841
21
203.383775
0
LINE
8
Layer 1
10
-355.436841
20
203.383775
11
-353.437807
21
203.205699
0
LINE
8
Layer 1
10
-353.437807
20
203.205699
11
-351.770410
21
202.690450
0
LINE
8
Layer 1
10
-351.770410
20
202.690450
11
-350.508102
21
201.908795
0
LINE
8
Layer 1
10
-350.508102
20
201.908795
11
-349.316796
21
200.877462
0
LINE
8
Layer 1
10
-349.316796
20
200.877462
11
-348.303820
21
199.703814
0
LINE
8
Layer 1
10
-348.303820
20
199.703814
11
-347.576500
21
198.495210
0
LINE
8
Layer 1
10
-347.576500
20
198.495210
11
-347.103215
21
196.826310
0
LINE
8
Layer 1
10
-347.103215
20
196.826310
11
-346.961564
21
194.823226
0
LINE
8
Layer 1
10
-346.961564
20
194.823226
11
-347.147781
21
192.824134
0
LINE
8
Layer 1
10
-347.147781
20
192.824134
11
-347.658100
21
191.167210
0
LINE
8
Layer 1
10
-347.658100
20
191.167210
11
-348.396891
21
189.921875
0
LINE
8
Layer 1
10
-348.396891
20
189.921875
11
-349.306668
21
188.836820
0
LINE
8
Layer 1
10
-349.306668
20
188.836820
11
-350.365538
21
187.923247
0
LINE
8
Layer 1
10
-350.365538
20
187.923247
11
-351.551610
21
187.192361
0
LINE
8
Layer 1
10
-351.551610
20
187.192361
11
-352.842991
21
186.655366
0
LINE
8
Layer 1
10
-352.842991
20
186.655366
11
-354.217789
21
186.323465
0
LINE
8
Layer 1
10
-354.217789
20
186.323465
11
-355.654113
21
186.207862
0
LINE
8
Layer 1
10
-355.654113
20
186.207862
11
-357.130070
21
186.319760
0
LINE
8
Layer 1
10
-357.130070
20
186.319760
11
-357.130060
21
186.319710
0
LINE
8
Layer 1
10
-352.473320
20
188.496820
11
-351.523759
21
189.061051
0
LINE
8
Layer 1
10
-351.523759
20
189.061051
11
-350.692758
21
189.726838
0
LINE
8
Layer 1
10
-350.692758
20
189.726838
11
-349.985834
21
190.484694
0
LINE
8
Layer 1
10
-349.985834
20
190.484694
11
-349.408504
21
191.325127
0
LINE
8
Layer 1
10
-349.408504
20
191.325127
11
-348.966284
21
192.238649
0
LINE
8
Layer 1
10
-348.966284
20
192.238649
11
-348.664690
21
193.215770
0
LINE
8
Layer 1
10
-348.664690
20
193.215770
11
-348.509240
21
194.247000
0
LINE
8
Layer 1
10
-348.509240
20
194.247000
11
-348.505450
21
195.322850
0
LINE
8
Layer 1
10
-348.505450
20
195.322850
11
-348.864571
21
197.297609
0
LINE
8
Layer 1
10
-348.864571
20
197.297609
11
-349.663479
21
198.934655
0
LINE
8
Layer 1
10
-349.663479
20
198.934655
11
-350.920087
21
200.259806
0
LINE
8
Layer 1
10
-350.920087
20
200.259806
11
-352.652310
21
201.298880
0
LINE
8
Layer 1
10
-352.652310
20
201.298880
11
-354.135819
21
201.805675
0
LINE
8
Layer 1
10
-354.135819
20
201.805675
11
-355.831030
21
201.823770
0
LINE
8
Layer 1
10
-355.831030
20
201.823770
11
-357.343690
21
201.598189
0
LINE
8
Layer 1
10
-357.343690
20
201.598189
11
-358.512490
21
201.232470
0
LINE
8
Layer 1
10
-358.512490
20
201.232470
11
-359.659781
21
200.488426
0
LINE
8
Layer 1
10
-359.659781
20
200.488426
11
-360.726795
21
199.492478
0
LINE
8
Layer 1
10
-360.726795
20
199.492478
11
-361.612804
21
198.354678
0
LINE
8
Layer 1
10
-361.612804
20
198.354678
11
-362.217080
21
197.185080
0
LINE
8
Layer 1
10
-362.217080
20
197.185080
11
-362.547898
21
196.049349
0
LINE
8
Layer 1
10
-362.547898
20
196.049349
11
-362.692726
21
194.938539
0
LINE
8
Layer 1
10
-362.692726
20
194.938539
11
-362.664567
21
193.864243
0
LINE
8
Layer 1
10
-362.664567
20
193.864243
11
-362.476426
21
192.838056
0
LINE
8
Layer 1
10
-362.476426
20
192.838056
11
-362.141306
21
191.871573
0
LINE
8
Layer 1
10
-362.141306
20
191.871573
11
-361.672209
21
190.976389
0
LINE
8
Layer 1
10
-361.672209
20
190.976389
11
-360.384102
21
189.446296
0
LINE
8
Layer 1
10
-360.384102
20
189.446296
11
-358.716133
21
188.340535
0
LINE
8
Layer 1
10
-358.716133
20
188.340535
11
-357.772208
21
187.975766
0
LINE
8
Layer 1
10
-357.772208
20
187.975766
11
-356.772327
21
187.751864
0
LINE
8
Layer 1
10
-356.772327
20
187.751864
11
-355.729495
21
187.680423
0
LINE
8
Layer 1
10
-355.729495
20
187.680423
11
-354.656714
21
187.773039
0
LINE
8
Layer 1
10
-354.656714
20
187.773039
11
-353.566988
21
188.041307
0
LINE
8
Layer 1
10
-353.566988
20
188.041307
11
-352.473320
21
188.496820
0
LINE
8
Layer 1
10
-352.473320
20
188.496820
11
-352.473320
21
188.496820
0
LINE
8
Layer 1
10
-208.888320
20
137.564220
11
-221.010720
21
145.119100
0
LINE
8
Layer 1
10
-221.010720
20
145.119100
11
-221.328191
21
145.547329
0
LINE
8
Layer 1
10
-221.328191
20
145.547329
11
-221.182530
21
145.934150
0
LINE
8
Layer 1
10
-221.182530
20
145.934150
11
-209.389230
21
152.685960
0
LINE
8
Layer 1
10
-209.389230
20
152.685960
11
-201.317742
21
157.255204
0
LINE
8
Layer 1
10
-201.317742
20
157.255204
11
-198.038830
21
159.282240
0
LINE
8
Layer 1
10
-198.038830
20
159.282240
11
-199.694100
21
160.349740
0
LINE
8
Layer 1
10
-199.694100
20
160.349740
11
-234.500500
21
180.609340
0
LINE
8
Layer 1
10
-234.500500
20
180.609340
11
-243.179300
21
185.713910
0
LINE
8
Layer 1
10
-243.179300
20
185.713910
11
-244.819250
21
184.652300
0
LINE
8
Layer 1
10
-244.819250
20
184.652300
11
-247.414090
21
183.159348
0
LINE
8
Layer 1
10
-247.414090
20
183.159348
11
-250.169426
21
181.925121
0
LINE
8
Layer 1
10
-250.169426
20
181.925121
11
-253.049563
21
180.956263
0
LINE
8
Layer 1
10
-253.049563
20
180.956263
11
-256.018806
21
180.259415
0
LINE
8
Layer 1
10
-256.018806
20
180.259415
11
-259.041461
21
179.841221
0
LINE
8
Layer 1
10
-259.041461
20
179.841221
11
-262.081834
21
179.708322
0
LINE
8
Layer 1
10
-262.081834
20
179.708322
11
-265.104228
21
179.867361
0
LINE
8
Layer 1
10
-265.104228
20
179.867361
11
-268.072950
21
180.324980
0
LINE
8
Layer 1
10
-268.072950
20
180.324980
11
-270.322746
21
180.869207
0
LINE
8
Layer 1
10
-270.322746
20
180.869207
11
-272.472915
21
181.547821
0
LINE
8
Layer 1
10
-272.472915
20
181.547821
11
-274.533009
21
182.365921
0
LINE
8
Layer 1
10
-274.533009
20
182.365921
11
-276.512580
21
183.328604
0
LINE
8
Layer 1
10
-276.512580
20
183.328604
11
-278.421178
21
184.440967
0
LINE
8
Layer 1
10
-278.421178
20
184.440967
11
-280.268355
21
185.708109
0
LINE
8
Layer 1
10
-280.268355
20
185.708109
11
-282.063662
21
187.135128
0
LINE
8
Layer 1
10
-282.063662
20
187.135128
11
-283.816650
21
188.727120
0
LINE
8
Layer 1
10
-283.816650
20
188.727120
11
-286.254430
21
191.360116
0
LINE
8
Layer 1
10
-286.254430
20
191.360116
11
-288.331056
21
194.178966
0
LINE
8
Layer 1
10
-288.331056
20
194.178966
11
-290.048518
21
197.154121
0
LINE
8
Layer 1
10
-290.048518
20
197.154121
11
-291.408801
21
200.256029
0
LINE
8
Layer 1
10
-291.408801
20
200.256029
11
-292.413894
21
203.455141
0
LINE
8
Layer 1
10
-292.413894
20
203.455141
11
-293.065784
21
206.721906
0
LINE
8
Layer 1
10
-293.065784
20
206.721906
11
-293.366460
21
210.026774
0
LINE
8
Layer 1
10
-293.366460
20
210.026774
11
-293.317907
21
213.340195
0
LINE
8
Layer 1
10
-293.317907
20
213.340195
11
-292.922115
21
216.632618
0
LINE
8
Layer 1
10
-292.922115
20
216.632618
11
-292.181071
21
219.874493
0
LINE
8
Layer 1
10
-292.181071
20
219.874493
11
-291.096762
21
223.036270
0
LINE
8
Layer 1
10
-291.096762
20
223.036270
11
-289.671175
21
226.088398
0
LINE
8
Layer 1
10
-289.671175
20
226.088398
11
-287.906299
21
229.001328
0
LINE
8
Layer 1
10
-287.906299
20
229.001328
11
-285.804121
21
231.745508
0
LINE
8
Layer 1
10
-285.804121
20
231.745508
11
-283.366629
21
234.291389
0
LINE
8
Layer 1
10
-283.366629
20
234.291389
11
-280.595810
21
236.609420
0
LINE
8
Layer 1
10
-280.595810
20
236.609420
11
-277.565127
21
238.588351
0
LINE
8
Layer 1
10
-277.565127
20
238.588351
11
-274.232495
21
240.251779
0
LINE
8
Layer 1
10
-274.232495
20
240.251779
11
-270.739820
21
241.538367
0
LINE
8
Layer 1
10
-270.739820
20
241.538367
11
-267.229010
21
242.386780
0
LINE
8
Layer 1
10
-267.229010
20
242.386780
11
-264.814065
21
242.638608
0
LINE
8
Layer 1
10
-264.814065
20
242.638608
11
-261.801512
21
242.722140
0
LINE
8
Layer 1
10
-261.801512
20
242.722140
11
-258.790734
21
242.637492
0
LINE
8
Layer 1
10
-258.790734
20
242.637492
11
-256.381110
21
242.384780
0
LINE
8
Layer 1
10
-256.381110
20
242.384780
11
-252.844746
21
241.540839
0
LINE
8
Layer 1
10
-252.844746
20
241.540839
11
-249.442605
21
240.293211
0
LINE
8
Layer 1
10
-249.442605
20
240.293211
11
-246.209829
21
238.667758
0
LINE
8
Layer 1
10
-246.209829
20
238.667758
11
-243.181561
21
236.690341
0
LINE
8
Layer 1
10
-243.181561
20
236.690341
11
-240.392943
21
234.386823
0
LINE
8
Layer 1
10
-240.392943
20
234.386823
11
-237.879117
21
231.783065
0
LINE
8
Layer 1
10
-237.879117
20
231.783065
11
-235.675225
21
228.904930
0
LINE
8
Layer 1
10
-235.675225
20
228.904930
11
-233.816410
21
225.778280
0
LINE
8
Layer 1
10
-233.816410
20
225.778280
11
-232.229831
21
222.288708
0
LINE
8
Layer 1
10
-232.229831
20
222.288708
11
-231.166644
21
218.878076
0
LINE
8
Layer 1
10
-231.166644
20
218.878076
11
-230.561345
21
215.270871
0
LINE
8
Layer 1
10
-230.561345
20
215.270871
11
-230.348430
21
211.191580
0
LINE
8
Layer 1
10
-230.348430
20
211.191580
11
-230.313030
21
207.138840
0
LINE
8
Layer 1
10
-230.313030
20
207.138840
11
-224.627820
21
203.893510
0
LINE
8
Layer 1
10
-224.627820
20
203.893510
11
-206.242620
21
193.426510
0
LINE
8
Layer 1
10
-206.242620
20
193.426510
11
-160.154857
21
167.156422
0
LINE
8
Layer 1
10
-160.154857
20
167.156422
11
-151.308603
21
162.025918
0
LINE
8
Layer 1
10
-151.308603
20
162.025918
11
-148.569720
21
160.303310
0
LINE
8
Layer 1
10
-148.569720
20
160.303310
11
-147.949251
21
159.583850
0
LINE
8
Layer 1
10
-147.949251
20
159.583850
11
-148.017307
21
159.351999
0
LINE
8
Layer 1
10
-148.017307
20
159.351999
11
-148.305140
21
159.052100
0
LINE
8
Layer 1
10
-148.305140
20
159.052100
11
-157.427050
21
153.454870
0
LINE
8
Layer 1
10
-157.427050
20
153.454870
11
-171.449950
21
145.141630
0
LINE
8
Layer 1
10
-171.449950
20
145.141630
11
-191.813462
21
133.125380
0
LINE
8
Layer 1
10
-191.813462
20
133.125380
11
-195.569795
21
130.992477
0
LINE
8
Layer 1
10
-195.569795
20
130.992477
11
-196.754950
21
130.448730
0
LINE
8
Layer 1
10
-196.754950
20
130.448730
11
-200.522104
21
132.540372
0
LINE
8
Layer 1
10
-200.522104
20
132.540372
11
-208.888550
21
137.564230
0
LINE
8
Layer 1
10
-208.888550
20
137.564230
11
-208.888320
21
137.564220
0
LINE
8
Layer 1
10
-189.111120
20
136.482600
11
-166.290420
21
150.019300
0
LINE
8
Layer 1
10
-166.290420
20
150.019300
11
-150.595720
21
159.421590
0
LINE
8
Layer 1
10
-150.595720
20
159.421590
11
-150.513779
21
159.628924
0
LINE
8
Layer 1
10
-150.513779
20
159.628924
11
-150.729972
21
159.909809
0
LINE
8
Layer 1
10
-150.729972
20
159.909809
11
-152.315520
21
160.917230
0
LINE
8
Layer 1
10
-152.315520
20
160.917230
11
-169.994620
21
170.977330
0
LINE
8
Layer 1
10
-169.994620
20
170.977330
11
-219.602620
21
199.272593
0
LINE
8
Layer 1
10
-219.602620
20
199.272593
11
-228.697457
21
204.571841
0
LINE
8
Layer 1
10
-228.697457
20
204.571841
11
-231.352420
21
206.293430
0
LINE
8
Layer 1
10
-231.352420
20
206.293430
11
-231.711911
21
206.771017
0
LINE
8
Layer 1
10
-231.711911
20
206.771017
11
-231.887131
21
207.315854
0
LINE
8
Layer 1
10
-231.887131
20
207.315854
11
-231.847770
21
209.742180
0
LINE
8
Layer 1
10
-231.847770
20
209.742180
11
-231.828594
21
212.600315
0
LINE
8
Layer 1
10
-231.828594
20
212.600315
11
-232.085589
21
215.406906
0
LINE
8
Layer 1
10
-232.085589
20
215.406906
11
-232.606499
21
218.147193
0
LINE
8
Layer 1
10
-232.606499
20
218.147193
11
-233.379070
21
220.806418
0
LINE
8
Layer 1
10
-233.379070
20
220.806418
11
-234.391049
21
223.369820
0
LINE
8
Layer 1
10
-234.391049
20
223.369820
11
-235.630179
21
225.822642
0
LINE
8
Layer 1
10
-235.630179
20
225.822642
11
-237.084207
21
228.150123
0
LINE
8
Layer 1
10
-237.084207
20
228.150123
11
-238.740879
21
230.337505
0
LINE
8
Layer 1
10
-238.740879
20
230.337505
11
-240.587939
21
232.370028
0
LINE
8
Layer 1
10
-240.587939
20
232.370028
11
-242.613134
21
234.232934
0
LINE
8
Layer 1
10
-242.613134
20
234.232934
11
-244.804208
21
235.911463
0
LINE
8
Layer 1
10
-244.804208
20
235.911463
11
-247.148908
21
237.390855
0
LINE
8
Layer 1
10
-247.148908
20
237.390855
11
-249.634978
21
238.656352
0
LINE
8
Layer 1
10
-249.634978
20
238.656352
11
-252.250165
21
239.693195
0
LINE
8
Layer 1
10
-252.250165
20
239.693195
11
-254.982214
21
240.486624
0
LINE
8
Layer 1
10
-254.982214
20
240.486624
11
-257.818870
21
241.021880
0
LINE
8
Layer 1
10
-257.818870
20
241.021880
11
-261.792351
21
241.290953
0
LINE
8
Layer 1
10
-261.792351
20
241.290953
11
-265.751001
21
241.013094
0
LINE
8
Layer 1
10
-265.751001
20
241.013094
11
-269.634942
21
240.213422
0
LINE
8
Layer 1
10
-269.634942
20
240.213422
11
-273.384295
21
238.917059
0
LINE
8
Layer 1
10
-273.384295
20
238.917059
11
-276.939182
21
237.149123
0
LINE
8
Layer 1
10
-276.939182
20
237.149123
11
-280.239726
21
234.934734
0
LINE
8
Layer 1
10
-280.239726
20
234.934734
11
-283.226048
21
232.299013
0
LINE
8
Layer 1
10
-283.226048
20
232.299013
11
-285.838270
21
229.267080
0
LINE
8
Layer 1
10
-285.838270
20
229.267080
11
-287.366238
21
226.935673
0
LINE
8
Layer 1
10
-287.366238
20
226.935673
11
-288.810370
21
224.212096
0
LINE
8
Layer 1
10
-288.810370
20
224.212096
11
-290.039155
21
221.370186
0
LINE
8
Layer 1
10
-290.039155
20
221.370186
11
-290.921080
21
218.683780
0
LINE
8
Layer 1
10
-290.921080
20
218.683780
11
-291.483476
21
215.791758
0
LINE
8
Layer 1
10
-291.483476
20
215.791758
11
-291.773884
21
212.583950
0
LINE
8
Layer 1
10
-291.773884
20
212.583950
11
-291.777482
21
209.383357
0
LINE
8
Layer 1
10
-291.777482
20
209.383357
11
-291.479450
21
206.512980
0
LINE
8
Layer 1
10
-291.479450
20
206.512980
11
-291.010811
21
204.290712
0
LINE
8
Layer 1
10
-291.010811
20
204.290712
11
-290.395892
21
202.137011
0
LINE
8
Layer 1
10
-290.395892
20
202.137011
11
-289.639511
21
200.057135
0
LINE
8
Layer 1
10
-289.639511
20
200.057135
11
-288.746486
21
198.056338
0
LINE
8
Layer 1
10
-288.746486
20
198.056338
11
-287.721635
21
196.139877
0
LINE
8
Layer 1
10
-287.721635
20
196.139877
11
-286.569778
21
194.313007
0
LINE
8
Layer 1
10
-286.569778
20
194.313007
11
-285.295732
21
192.580985
0
LINE
8
Layer 1
10
-285.295732
20
192.580985
11
-283.904315
21
190.949067
0
LINE
8
Layer 1
10
-283.904315
20
190.949067
11
-282.400346
21
189.422509
0
LINE
8
Layer 1
10
-282.400346
20
189.422509
11
-280.788644
21
188.006567
0
LINE
8
Layer 1
10
-280.788644
20
188.006567
11
-279.074027
21
186.706496
0
LINE
8
Layer 1
10
-279.074027
20
186.706496
11
-277.261312
21
185.527553
0
LINE
8
Layer 1
10
-277.261312
20
185.527553
11
-275.355319
21
184.474994
0
LINE
8
Layer 1
10
-275.355319
20
184.474994
11
-273.360865
21
183.554075
0
LINE
8
Layer 1
10
-273.360865
20
183.554075
11
-271.282769
21
182.770052
0
LINE
8
Layer 1
10
-271.282769
20
182.770052
11
-269.125850
21
182.128180
0
LINE
8
Layer 1
10
-269.125850
20
182.128180
11
-266.223676
21
181.570414
0
LINE
8
Layer 1
10
-266.223676
20
181.570414
11
-263.061586
21
181.296190
0
LINE
8
Layer 1
10
-263.061586
20
181.296190
11
-259.903279
21
181.316116
0
LINE
8
Layer 1
10
-259.903279
20
181.316116
11
-257.012450
21
181.640800
0
LINE
8
Layer 1
10
-257.012450
20
181.640800
11
-253.777719
21
182.386324
0
LINE
8
Layer 1
10
-253.777719
20
182.386324
11
-250.699142
21
183.432862
0
LINE
8
Layer 1
10
-250.699142
20
183.432862
11
-247.756619
21
184.788435
0
LINE
8
Layer 1
10
-247.756619
20
184.788435
11
-244.930050
21
186.461060
0
LINE
8
Layer 1
10
-244.930050
20
186.461060
11
-243.136340
21
187.646270
0
LINE
8
Layer 1
10
-243.136340
20
187.646270
11
-242.284210
21
187.002770
0
LINE
8
Layer 1
10
-242.284210
20
187.002770
11
-236.008120
21
183.231510
0
LINE
8
Layer 1
10
-236.008120
20
183.231510
11
-201.149320
21
162.783810
0
LINE
8
Layer 1
10
-201.149320
20
162.783810
11
-197.178500
21
160.335417
0
LINE
8
Layer 1
10
-197.178500
20
160.335417
11
-195.526920
21
159.133990
0
LINE
8
Layer 1
10
-195.526920
20
159.133990
11
-195.857650
21
158.557530
0
LINE
8
Layer 1
10
-195.857650
20
158.557530
11
-207.505350
21
151.994770
0
LINE
8
Layer 1
10
-207.505350
20
151.994770
11
-215.476761
21
147.482404
0
LINE
8
Layer 1
10
-215.476761
20
147.482404
11
-218.750150
21
145.479950
0
LINE
8
Layer 1
10
-218.750150
20
145.479950
11
-207.855637
21
138.665777
0
LINE
8
Layer 1
10
-207.855637
20
138.665777
11
-196.786750
21
132.032850
0
LINE
8
Layer 1
10
-196.786750
20
132.032850
11
-189.111170
21
136.482680
0
LINE
8
Layer 1
10
-189.111170
20
136.482680
11
-189.111120
21
136.482600
0
LINE
8
Layer 1
10
-263.789320
20
202.923900
11
-265.505401
21
203.688171
0
LINE
8
Layer 1
10
-265.505401
20
203.688171
11
-267.096332
21
204.847796
0
LINE
8
Layer 1
10
-267.096332
20
204.847796
11
-268.440661
21
206.294913
0
LINE
8
Layer 1
10
-268.440661
20
206.294913
11
-269.416930
21
207.921660
0
LINE
8
Layer 1
10
-269.416930
20
207.921660
11
-269.848201
21
209.352839
0
LINE
8
Layer 1
10
-269.848201
20
209.352839
11
-269.970300
21
211.275440
0
LINE
8
Layer 1
10
-269.970300
20
211.275440
11
-269.848201
21
213.198033
0
LINE
8
Layer 1
10
-269.848201
20
213.198033
11
-269.416930
21
214.629210
0
LINE
8
Layer 1
10
-269.416930
20
214.629210
11
-268.684563
21
215.894281
0
LINE
8
Layer 1
10
-268.684563
20
215.894281
11
-267.671815
21
217.130014
0
LINE
8
Layer 1
10
-267.671815
20
217.130014
11
-266.491179
21
218.217267
0
LINE
8
Layer 1
10
-266.491179
20
218.217267
11
-265.255150
21
219.036900
0
LINE
8
Layer 1
10
-265.255150
20
219.036900
11
-263.720545
21
219.619830
0
LINE
8
Layer 1
10
-263.720545
20
219.619830
11
-261.408070
21
219.739560
0
LINE
8
Layer 1
10
-261.408070
20
219.739560
11
-259.095595
21
219.619815
0
LINE
8
Layer 1
10
-259.095595
20
219.619815
11
-257.560990
21
219.036900
0
LINE
8
Layer 1
10
-257.560990
20
219.036900
11
-256.324590
21
218.218301
0
LINE
8
Layer 1
10
-256.324590
20
218.218301
11
-255.150709
21
217.136698
0
LINE
8
Layer 1
10
-255.150709
20
217.136698
11
-254.146813
21
215.906185
0
LINE
8
Layer 1
10
-254.146813
20
215.906185
11
-253.420370
21
214.640860
0
LINE
8
Layer 1
10
-253.420370
20
214.640860
11
-252.981178
21
213.092128
0
LINE
8
Layer 1
10
-252.981178
20
213.092128
11
-252.830654
21
211.266346
0
LINE
8
Layer 1
10
-252.830654
20
211.266346
11
-252.969688
21
209.448022
0
LINE
8
Layer 1
10
-252.969688
20
209.448022
11
-253.399170
21
207.921660
0
LINE
8
Layer 1
10
-253.399170
20
207.921660
11
-254.174770
21
206.580024
0
LINE
8
Layer 1
10
-254.174770
20
206.580024
11
-255.230577
21
205.325810
0
LINE
8
Layer 1
10
-255.230577
20
205.325810
11
-256.479926
21
204.246743
0
LINE
8
Layer 1
10
-256.479926
20
204.246743
11
-257.836150
21
203.430550
0
LINE
8
Layer 1
10
-257.836150
20
203.430550
11
-259.474637
21
202.826468
0
LINE
8
Layer 1
10
-259.474637
20
202.826468
11
-261.275740
21
202.699430
0
LINE
8
Layer 1
10
-261.275740
20
202.699430
11
-263.789280
21
202.923900
0
LINE
8
Layer 1
10
-263.789280
20
202.923900
11
-263.789320
21
202.923900
0
LINE
8
Layer 1
10
-259.236380
20
204.562300
11
-258.109359
21
205.022288
0
LINE
8
Layer 1
10
-258.109359
20
205.022288
11
-256.996930
21
205.797815
0
LINE
8
Layer 1
10
-256.996930
20
205.797815
11
-255.993213
21
206.809397
0
LINE
8
Layer 1
10
-255.993213
20
206.809397
11
-255.192330
21
207.977550
0
LINE
8
Layer 1
10
-255.192330
20
207.977550
11
-254.546611
21
209.498301
0
LINE
8
Layer 1
10
-254.546611
20
209.498301
11
-254.400550
21
211.275440
0
LINE
8
Layer 1
10
-254.400550
20
211.275440
11
-254.546611
21
213.052570
0
LINE
8
Layer 1
10
-254.546611
20
213.052570
11
-255.192330
21
214.573320
0
LINE
8
Layer 1
10
-255.192330
20
214.573320
11
-256.450251
21
216.293561
0
LINE
8
Layer 1
10
-256.450251
20
216.293561
11
-257.204471
21
216.953692
0
LINE
8
Layer 1
10
-257.204471
20
216.953692
11
-258.039586
21
217.479129
0
LINE
8
Layer 1
10
-258.039586
20
217.479129
11
-258.953638
21
217.868847
0
LINE
8
Layer 1
10
-258.953638
20
217.868847
11
-259.944666
21
218.121822
0
LINE
8
Layer 1
10
-259.944666
20
218.121822
11
-262.149820
21
218.213440
0
LINE
8
Layer 1
10
-262.149820
20
218.213440
11
-263.531017
21
217.951457
0
LINE
8
Layer 1
10
-263.531017
20
217.951457
11
-264.802545
21
217.416359
0
LINE
8
Layer 1
10
-264.802545
20
217.416359
11
-265.934542
21
216.644610
0
LINE
8
Layer 1
10
-265.934542
20
216.644610
11
-266.897144
21
215.672679
0
LINE
8
Layer 1
10
-266.897144
20
215.672679
11
-267.660487
21
214.537031
0
LINE
8
Layer 1
10
-267.660487
20
214.537031
11
-268.194708
21
213.274135
0
LINE
8
Layer 1
10
-268.194708
20
213.274135
11
-268.469943
21
211.920455
0
LINE
8
Layer 1
10
-268.469943
20
211.920455
11
-268.456330
21
210.512460
0
LINE
8
Layer 1
10
-268.456330
20
210.512460
11
-268.228384
21
209.381446
0
LINE
8
Layer 1
10
-268.228384
20
209.381446
11
-267.828587
21
208.317777
0
LINE
8
Layer 1
10
-267.828587
20
208.317777
11
-267.272495
21
207.338244
0
LINE
8
Layer 1
10
-267.272495
20
207.338244
11
-266.575668
21
206.459642
0
LINE
8
Layer 1
10
-266.575668
20
206.459642
11
-265.753662
21
205.698766
0
LINE
8
Layer 1
10
-265.753662
20
205.698766
11
-264.822037
21
205.072407
0
LINE
8
Layer 1
10
-264.822037
20
205.072407
11
-263.796350
21
204.597361
0
LINE
8
Layer 1
10
-263.796350
20
204.597361
11
-262.692160
21
204.290420
0
LINE
8
Layer 1
10
-262.692160
20
204.290420
11
-261.212858
21
204.173126
0
LINE
8
Layer 1
10
-261.212858
20
204.173126
11
-259.236380
21
204.562300
0
LINE
8
Layer 1
10
-259.236380
20
204.562300
11
-259.236380
21
204.562300
0
LINE
8
Layer 1
10
-146.975380
20
173.925300
11
-156.569692
21
179.760969
0
LINE
8
Layer 1
10
-156.569692
20
179.760969
11
-158.245841
21
180.949520
0
LINE
8
Layer 1
10
-158.245841
20
180.949520
11
-158.696180
21
181.540630
0
LINE
8
Layer 1
10
-158.696180
20
181.540630
11
-158.640846
21
181.794473
0
LINE
8
Layer 1
10
-158.640846
20
181.794473
11
-158.308867
21
182.154569
0
LINE
8
Layer 1
10
-158.308867
20
182.154569
11
-156.152561
21
183.598462
0
LINE
8
Layer 1
10
-156.152561
20
183.598462
11
-141.233680
21
192.215630
0
LINE
8
Layer 1
10
-141.233680
20
192.215630
11
-123.265780
21
202.648130
0
LINE
8
Layer 1
10
-123.265780
20
202.648130
11
-123.137053
21
203.015549
0
LINE
8
Layer 1
10
-123.137053
20
203.015549
11
-123.044288
21
204.092033
0
LINE
8
Layer 1
10
-123.044288
20
204.092033
11
-122.965036
21
209.975408
0
LINE
8
Layer 1
10
-122.965036
20
209.975408
11
-123.220380
21
247.886230
0
LINE
8
Layer 1
10
-123.220380
20
247.886230
11
-123.445450
21
282.217930
0
LINE
8
Layer 1
10
-123.445450
20
282.217930
11
-123.426061
21
290.297718
0
LINE
8
Layer 1
10
-123.426061
20
290.297718
11
-123.320180
21
292.980130
0
LINE
8
Layer 1
10
-123.320180
20
292.980130
11
-122.434840
21
293.081883
0
LINE
8
Layer 1
10
-122.434840
20
293.081883
11
-120.190560
21
292.780476
0
LINE
8
Layer 1
10
-120.190560
20
292.780476
11
-116.594703
21
292.391929
0
LINE
8
Layer 1
10
-116.594703
20
292.391929
11
-112.010106
21
292.172186
0
LINE
8
Layer 1
10
-112.010106
20
292.172186
11
-107.501262
21
292.149611
0
LINE
8
Layer 1
10
-107.501262
20
292.149611
11
-104.132660
21
292.352571
0
LINE
8
Layer 1
10
-104.132660
20
292.352571
11
-100.591000
21
293.073206
0
LINE
8
Layer 1
10
-100.591000
20
293.073206
11
-99.512011
21
293.350824
0
LINE
8
Layer 1
10
-99.512011
20
293.350824
11
-99.257148
21
293.259574
0
LINE
8
Layer 1
10
-99.257148
20
293.259574
11
-99.036030
21
293.008456
0
LINE
8
Layer 1
10
-99.036030
20
293.008456
11
-98.862296
21
290.617114
0
LINE
8
Layer 1
10
-98.862296
20
290.617114
11
-98.757146
21
282.538187
0
LINE
8
Layer 1
10
-98.757146
20
282.538187
11
-98.694720
21
240.395156
0
LINE
8
Layer 1
10
-98.694720
20
240.395156
11
-98.767410
21
195.867269
0
LINE
8
Layer 1
10
-98.767410
20
195.867269
11
-98.905033
21
189.251489
0
LINE
8
Layer 1
10
-98.905033
20
189.251489
11
-99.014771
21
188.084598
0
LINE
8
Layer 1
10
-99.014771
20
188.084598
11
-99.157740
21
187.670356
0
LINE
8
Layer 1
10
-99.157740
20
187.670356
11
-100.158759
21
186.897761
0
LINE
8
Layer 1
10
-100.158759
20
186.897761
11
-103.346086
21
184.954192
0
LINE
8
Layer 1
10
-103.346086
20
184.954192
11
-121.575340
21
174.425256
0
LINE
8
Layer 1
10
-121.575340
20
174.425256
11
-133.410140
21
167.577866
0
LINE
8
Layer 1
10
-133.410140
20
167.577866
11
-134.244717
21
167.142809
0
LINE
8
Layer 1
10
-134.244717
20
167.142809
11
-134.865350
21
166.967686
0
LINE
8
Layer 1
10
-134.865350
20
166.967686
11
-138.615805
21
169.015416
0
LINE
8
Layer 1
10
-138.615805
20
169.015416
11
-146.975250
21
173.925296
0
LINE
8
Layer 1
10
-146.975250
20
173.925296
11
-146.975380
21
173.925300
0
LINE
8
Layer 1
10
-118.471780
20
178.030170
11
-101.136280
21
187.958840
0
LINE
8
Layer 1
10
-101.136280
20
187.958840
11
-100.276380
21
188.402550
0
LINE
8
Layer 1
10
-100.276380
20
188.402550
11
-100.277000
21
239.890000
0
LINE
8
Layer 1
10
-100.277000
20
239.890000
11
-100.277000
21
291.378000
0
LINE
8
Layer 1
10
-100.277000
20
291.378000
11
-101.136900
21
291.203653
0
LINE
8
Layer 1
10
-101.136900
20
291.203653
11
-104.976663
21
290.752550
0
LINE
8
Layer 1
10
-104.976663
20
290.752550
11
-109.977145
21
290.591986
0
LINE
8
Layer 1
10
-109.977145
20
290.591986
11
-115.171179
21
290.724614
0
LINE
8
Layer 1
10
-115.171179
20
290.724614
11
-119.591600
21
291.153083
0
LINE
8
Layer 1
10
-119.591600
20
291.153083
11
-121.947360
21
291.410826
0
LINE
8
Layer 1
10
-121.947360
20
291.410826
11
-121.721220
21
246.678526
0
LINE
8
Layer 1
10
-121.721220
20
246.678526
11
-121.388280
21
202.038326
0
LINE
8
Layer 1
10
-121.388280
20
202.038326
11
-121.962680
21
201.573196
0
LINE
8
Layer 1
10
-121.962680
20
201.573196
11
-139.519080
21
191.409096
0
LINE
8
Layer 1
10
-139.519080
20
191.409096
11
-156.590080
21
181.631126
0
LINE
8
Layer 1
10
-156.590080
20
181.631126
11
-135.008880
21
168.569826
0
LINE
8
Layer 1
10
-135.008880
20
168.569826
11
-118.472380
21
178.030216
0
LINE
8
Layer 1
10
-118.472380
20
178.030216
11
-118.471780
21
178.030170
0
LINE
8
Layer 1
10
-197.190680
20
206.373470
11
-199.439340
21
207.113590
0
LINE
8
Layer 1
10
-199.439340
20
207.113590
11
-200.264711
21
207.723589
0
LINE
8
Layer 1
10
-200.264711
20
207.723589
11
-200.592450
21
208.655360
0
LINE
8
Layer 1
10
-200.592450
20
208.655360
11
-200.802020
21
240.279960
0
LINE
8
Layer 1
10
-200.802020
20
240.279960
11
-200.839720
21
270.871960
0
LINE
8
Layer 1
10
-200.839720
20
270.871960
11
-200.279120
21
271.822106
0
LINE
8
Layer 1
10
-200.279120
20
271.822106
11
-199.493227
21
272.716309
0
LINE
8
Layer 1
10
-199.493227
20
272.716309
11
-198.241570
21
273.494856
0
LINE
8
Layer 1
10
-198.241570
20
273.494856
11
-196.584250
21
274.093769
0
LINE
8
Layer 1
10
-196.584250
20
274.093769
11
-194.227270
21
274.212851
0
LINE
8
Layer 1
10
-194.227270
20
274.212851
11
-192.306603
21
274.105503
0
LINE
8
Layer 1
10
-192.306603
20
274.105503
11
-190.758770
21
273.777021
0
LINE
8
Layer 1
10
-190.758770
20
273.777021
11
-189.517590
21
273.206053
0
LINE
8
Layer 1
10
-189.517590
20
273.206053
11
-188.516880
21
272.371241
0
LINE
8
Layer 1
10
-188.516880
20
272.371241
11
-187.853470
21
271.655404
0
LINE
8
Layer 1
10
-187.853470
20
271.655404
11
-187.854000
21
239.831000
0
LINE
8
Layer 1
10
-187.854000
20
239.831000
11
-187.854000
21
208.007000
0
LINE
8
Layer 1
10
-187.854000
20
208.007000
11
-188.546080
21
207.462610
0
LINE
8
Layer 1
10
-188.546080
20
207.462610
11
-190.199720
21
206.645220
0
LINE
8
Layer 1
10
-190.199720
20
206.645220
11
-191.653139
21
206.401642
0
LINE
8
Layer 1
10
-191.653139
20
206.401642
11
-193.639891
21
206.262160
0
LINE
8
Layer 1
10
-193.639891
20
206.262160
11
-195.654433
21
206.246391
0
LINE
8
Layer 1
10
-195.654433
20
206.246391
11
-197.191220
21
206.373950
0
LINE
8
Layer 1
10
-197.191220
20
206.373950
11
-197.190680
21
206.373470
0
LINE
8
Layer 1
10
-190.399280
20
208.260580
11
-189.373240
21
208.629570
0
LINE
8
Layer 1
10
-189.373240
20
208.629570
11
-189.412740
21
239.850370
0
LINE
8
Layer 1
10
-189.412740
20
239.850370
11
-189.452240
21
271.071170
0
LINE
8
Layer 1
10
-189.452240
20
271.071170
11
-190.093780
21
271.641492
0
LINE
8
Layer 1
10
-190.093780
20
271.641492
11
-190.887731
21
272.144192
0
LINE
8
Layer 1
10
-190.887731
20
272.144192
11
-191.911929
21
272.493107
0
LINE
8
Layer 1
10
-191.911929
20
272.493107
11
-193.087772
21
272.689985
0
LINE
8
Layer 1
10
-193.087772
20
272.689985
11
-194.336661
21
272.736572
0
LINE
8
Layer 1
10
-194.336661
20
272.736572
11
-195.579995
21
272.634613
0
LINE
8
Layer 1
10
-195.579995
20
272.634613
11
-196.739173
21
272.385856
0
LINE
8
Layer 1
10
-196.739173
20
272.385856
11
-197.735595
21
271.992047
0
LINE
8
Layer 1
10
-197.735595
20
271.992047
11
-198.490660
21
271.454931
0
LINE
8
Layer 1
10
-198.490660
20
271.454931
11
-199.230590
21
270.715001
0
LINE
8
Layer 1
10
-199.230590
20
270.715001
11
-199.215290
21
240.598301
0
LINE
8
Layer 1
10
-199.215290
20
240.598301
11
-199.014320
21
209.435301
0
LINE
8
Layer 1
10
-199.014320
20
209.435301
11
-198.881524
21
208.855793
0
LINE
8
Layer 1
10
-198.881524
20
208.855793
11
-198.674219
21
208.499142
0
LINE
8
Layer 1
10
-198.674219
20
208.499142
11
-197.640510
21
208.057781
0
LINE
8
Layer 1
10
-197.640510
20
208.057781
11
-196.072931
21
207.843735
0
LINE
8
Layer 1
10
-196.072931
20
207.843735
11
-193.977902
21
207.816412
0
LINE
8
Layer 1
10
-193.977902
20
207.816412
11
-191.903871
21
207.960459
0
LINE
8
Layer 1
10
-191.903871
20
207.960459
11
-190.399280
21
208.260521
0
LINE
8
Layer 1
10
-190.399280
20
208.260521
11
-190.399280
21
208.260580
0
LINE
8
Layer 1
10
-161.736480
20
206.373470
11
-163.985140
21
207.113590
0
LINE
8
Layer 1
10
-163.985140
20
207.113590
11
-164.810516
21
207.723589
0
LINE
8
Layer 1
10
-164.810516
20
207.723589
11
-165.138260
21
208.655360
0
LINE
8
Layer 1
10
-165.138260
20
208.655360
11
-165.347830
21
240.279960
0
LINE
8
Layer 1
10
-165.347830
20
240.279960
11
-165.385530
21
270.871960
0
LINE
8
Layer 1
10
-165.385530
20
270.871960
11
-164.824930
21
271.822106
0
LINE
8
Layer 1
10
-164.824930
20
271.822106
11
-164.039041
21
272.716309
0
LINE
8
Layer 1
10
-164.039041
20
272.716309
11
-162.787380
21
273.494856
0
LINE
8
Layer 1
10
-162.787380
20
273.494856
11
-161.130064
21
274.093769
0
LINE
8
Layer 1
10
-161.130064
20
274.093769
11
-158.773080
21
274.212851
0
LINE
8
Layer 1
10
-158.773080
20
274.212851
11
-156.852417
21
274.105503
0
LINE
8
Layer 1
10
-156.852417
20
274.105503
11
-155.304585
21
273.777021
0
LINE
8
Layer 1
10
-155.304585
20
273.777021
11
-154.063405
21
273.206053
0
LINE
8
Layer 1
10
-154.063405
20
273.206053
11
-153.062700
21
272.371241
0
LINE
8
Layer 1
10
-153.062700
20
272.371241
11
-152.399280
21
271.655404
0
LINE
8
Layer 1
10
-152.399280
20
271.655404
11
-152.400000
21
239.831000
0
LINE
8
Layer 1
10
-152.400000
20
239.831000
11
-152.400000
21
208.007000
0
LINE
8
Layer 1
10
-152.400000
20
208.007000
11
-153.092080
21
207.462610
0
LINE
8
Layer 1
10
-153.092080
20
207.462610
11
-154.745730
21
206.645220
0
LINE
8
Layer 1
10
-154.745730
20
206.645220
11
-156.199145
21
206.401642
0
LINE
8
Layer 1
10
-156.199145
20
206.401642
11
-158.185896
21
206.262160
0
LINE
8
Layer 1
10
-158.185896
20
206.262160
11
-160.200437
21
206.246391
0
LINE
8
Layer 1
10
-160.200437
20
206.246391
11
-161.737220
21
206.373950
0
LINE
8
Layer 1
10
-161.737220
20
206.373950
11
-161.736480
21
206.373470
0
LINE
8
Layer 1
10
-154.945090
20
208.260580
11
-153.919040
21
208.629570
0
LINE
8
Layer 1
10
-153.919040
20
208.629570
11
-153.958540
21
239.850370
0
LINE
8
Layer 1
10
-153.958540
20
239.850370
11
-153.998040
21
271.071170
0
LINE
8
Layer 1
10
-153.998040
20
271.071170
11
-154.639580
21
271.641492
0
LINE
8
Layer 1
10
-154.639580
20
271.641492
11
-155.433528
21
272.144192
0
LINE
8
Layer 1
10
-155.433528
20
272.144192
11
-156.457723
21
272.493107
0
LINE
8
Layer 1
10
-156.457723
20
272.493107
11
-157.633565
21
272.689985
0
LINE
8
Layer 1
10
-157.633565
20
272.689985
11
-158.882454
21
272.736572
0
LINE
8
Layer 1
10
-158.882454
20
272.736572
11
-160.125788
21
272.634613
0
LINE
8
Layer 1
10
-160.125788
20
272.634613
11
-161.284968
21
272.385856
0
LINE
8
Layer 1
10
-161.284968
20
272.385856
11
-162.281392
21
271.992047
0
LINE
8
Layer 1
10
-162.281392
20
271.992047
11
-163.036460
21
271.454931
0
LINE
8
Layer 1
10
-163.036460
20
271.454931
11
-163.776390
21
270.715001
0
LINE
8
Layer 1
10
-163.776390
20
270.715001
11
-163.761090
21
240.598301
0
LINE
8
Layer 1
10
-163.761090
20
240.598301
11
-163.560120
21
209.435301
0
LINE
8
Layer 1
10
-163.560120
20
209.435301
11
-163.427318
21
208.855793
0
LINE
8
Layer 1
10
-163.427318
20
208.855793
11
-163.220010
21
208.499142
0
LINE
8
Layer 1
10
-163.220010
20
208.499142
11
-162.186300
21
208.057781
0
LINE
8
Layer 1
10
-162.186300
20
208.057781
11
-160.618721
21
207.843735
0
LINE
8
Layer 1
10
-160.618721
20
207.843735
11
-158.523694
21
207.816412
0
LINE
8
Layer 1
10
-158.523694
20
207.816412
11
-156.449665
21
207.960459
0
LINE
8
Layer 1
10
-156.449665
20
207.960459
11
-154.945080
21
208.260521
0
LINE
8
Layer 1
10
-154.945080
20
208.260521
11
-154.945090
21
208.260580
0
LINE
8
Layer 1
10
-178.400000
20
233.378000
11
-179.780429
21
233.838387
0
LINE
8
Layer 1
10
-179.780429
20
233.838387
11
-181.018581
21
234.487836
0
LINE
8
Layer 1
10
-181.018581
20
234.487836
11
-182.101579
21
235.309974
0
LINE
8
Layer 1
10
-182.101579
20
235.309974
11
-183.016545
21
236.288424
0
LINE
8
Layer 1
10
-183.016545
20
236.288424
11
-183.750602
21
237.406812
0
LINE
8
Layer 1
10
-183.750602
20
237.406812
11
-184.290871
21
238.648764
0
LINE
8
Layer 1
10
-184.290871
20
238.648764
11
-184.624477
21
239.997905
0
LINE
8
Layer 1
10
-184.624477
20
239.997905
11
-184.738540
21
241.437860
0
LINE
8
Layer 1
10
-184.738540
20
241.437860
11
-184.583620
21
243.126937
0
LINE
8
Layer 1
10
-184.583620
20
243.126937
11
-184.135017
21
244.673536
0
LINE
8
Layer 1
10
-184.135017
20
244.673536
11
-183.416971
21
246.053265
0
LINE
8
Layer 1
10
-183.416971
20
246.053265
11
-182.453719
21
247.241728
0
LINE
8
Layer 1
10
-182.453719
20
247.241728
11
-181.269499
21
248.214531
0
LINE
8
Layer 1
10
-181.269499
20
248.214531
11
-179.888551
21
248.947280
0
LINE
8
Layer 1
10
-179.888551
20
248.947280
11
-178.335112
21
249.415581
0
LINE
8
Layer 1
10
-178.335112
20
249.415581
11
-176.633420
21
249.595040
0
LINE
8
Layer 1
10
-176.633420
20
249.595040
11
-175.413826
21
249.530085
0
LINE
8
Layer 1
10
-175.413826
20
249.530085
11
-174.254510
21
249.300573
0
LINE
8
Layer 1
10
-174.254510
20
249.300573
11
-173.163266
21
248.911457
0
LINE
8
Layer 1
10
-173.163266
20
248.911457
11
-172.147891
21
248.367689
0
LINE
8
Layer 1
10
-172.147891
20
248.367689
11
-171.216181
21
247.674222
0
LINE
8
Layer 1
10
-171.216181
20
247.674222
11
-170.375932
21
246.836010
0
LINE
8
Layer 1
10
-170.375932
20
246.836010
11
-169.634940
21
245.858005
0
LINE
8
Layer 1
10
-169.634940
20
245.858005
11
-169.001000
21
244.745160
0
LINE
8
Layer 1
10
-169.001000
20
244.745160
11
-168.505123
21
243.167372
0
LINE
8
Layer 1
10
-168.505123
20
243.167372
11
-168.368300
21
241.340418
0
LINE
8
Layer 1
10
-168.368300
20
241.340418
11
-168.585785
21
239.481209
0
LINE
8
Layer 1
10
-168.585785
20
239.481209
11
-169.152830
21
237.806660
0
LINE
8
Layer 1
10
-169.152830
20
237.806660
11
-169.900301
21
236.586533
0
LINE
8
Layer 1
10
-169.900301
20
236.586533
11
-170.866109
21
235.489229
0
LINE
8
Layer 1
10
-170.866109
20
235.489229
11
-171.993240
21
234.569688
0
LINE
8
Layer 1
10
-171.993240
20
234.569688
11
-173.224680
21
233.882850
0
LINE
8
Layer 1
10
-173.224680
20
233.882850
11
-174.421724
21
233.505486
0
LINE
8
Layer 1
10
-174.421724
20
233.505486
11
-175.823395
21
233.281889
0
LINE
8
Layer 1
10
-175.823395
20
233.281889
11
-177.219538
21
233.232559
0
LINE
8
Layer 1
10
-177.219538
20
233.232559
11
-178.400000
21
233.378000
0
LINE
8
Layer 1
10
-178.400000
20
233.378000
11
-178.400000
21
233.378000
0
LINE
8
Layer 1
10
-173.680390
20
235.432200
11
-172.098608
21
236.513291
0
LINE
8
Layer 1
10
-172.098608
20
236.513291
11
-170.948705
21
237.892270
0
LINE
8
Layer 1
10
-170.948705
20
237.892270
11
-170.246882
21
239.542629
0
LINE
8
Layer 1
10
-170.246882
20
239.542629
11
-170.009340
21
241.437860
0
LINE
8
Layer 1
10
-170.009340
20
241.437860
11
-170.095841
21
242.814543
0
LINE
8
Layer 1
10
-170.095841
20
242.814543
11
-170.390141
21
243.949375
0
LINE
8
Layer 1
10
-170.390141
20
243.949375
11
-170.944439
21
244.975262
0
LINE
8
Layer 1
10
-170.944439
20
244.975262
11
-171.810930
21
246.025110
0
LINE
8
Layer 1
10
-171.810930
20
246.025110
11
-173.229033
21
247.172070
0
LINE
8
Layer 1
10
-173.229033
20
247.172070
11
-174.816250
21
247.852804
0
LINE
8
Layer 1
10
-174.816250
20
247.852804
11
-176.484548
21
248.088545
0
LINE
8
Layer 1
10
-176.484548
20
248.088545
11
-178.145896
21
247.900529
0
LINE
8
Layer 1
10
-178.145896
20
247.900529
11
-179.712261
21
247.309989
0
LINE
8
Layer 1
10
-179.712261
20
247.309989
11
-181.095610
21
246.338160
0
LINE
8
Layer 1
10
-181.095610
20
246.338160
11
-182.207910
21
245.006275
0
LINE
8
Layer 1
10
-182.207910
20
245.006275
11
-182.961130
21
243.335570
0
LINE
8
Layer 1
10
-182.961130
20
243.335570
11
-183.239871
21
242.270582
0
LINE
8
Layer 1
10
-183.239871
20
242.270582
11
-183.330738
21
241.428634
0
LINE
8
Layer 1
10
-183.330738
20
241.428634
11
-183.232750
21
240.577699
0
LINE
8
Layer 1
10
-183.232750
20
240.577699
11
-182.944930
21
239.485750
0
LINE
8
Layer 1
10
-182.944930
20
239.485750
11
-182.276475
21
237.989439
0
LINE
8
Layer 1
10
-182.276475
20
237.989439
11
-181.246123
21
236.691933
0
LINE
8
Layer 1
10
-181.246123
20
236.691933
11
-179.911784
21
235.650510
0
LINE
8
Layer 1
10
-179.911784
20
235.650510
11
-178.331370
21
234.922450
0
LINE
8
Layer 1
10
-178.331370
20
234.922450
11
-177.320555
21
234.774435
0
LINE
8
Layer 1
10
-177.320555
20
234.774435
11
-176.036930
21
234.828845
0
LINE
8
Layer 1
10
-176.036930
20
234.828845
11
-174.737757
21
235.057495
0
LINE
8
Layer 1
10
-174.737757
20
235.057495
11
-173.680300
21
235.432200
0
LINE
8
Layer 1
10
-173.680300
20
235.432200
11
-173.680390
21
235.432200
0
LINE
8
Layer 1
10
-367.484390
20
237.823660
11
-367.614942
21
241.007511
0
LINE
8
Layer 1
10
-367.614942
20
241.007511
11
-367.703080
21
250.412480
0
LINE
8
Layer 1
10
-367.703080
20
250.412480
11
-367.765740
21
290.434560
0
LINE
8
Layer 1
10
-367.765740
20
290.434560
11
-367.693425
21
334.907422
0
LINE
8
Layer 1
10
-367.693425
20
334.907422
11
-367.555567
21
341.515368
0
LINE
8
Layer 1
10
-367.555567
20
341.515368
11
-367.445730
21
342.681055
0
LINE
8
Layer 1
10
-367.445730
20
342.681055
11
-367.302720
21
343.095060
0
LINE
8
Layer 1
10
-367.302720
20
343.095060
11
-366.301703
21
343.867658
0
LINE
8
Layer 1
10
-366.301703
20
343.867658
11
-363.114378
21
345.811229
0
LINE
8
Layer 1
10
-363.114378
20
345.811229
11
-344.885120
21
356.340160
0
LINE
8
Layer 1
10
-344.885120
20
356.340160
11
-333.050220
21
363.187550
0
LINE
8
Layer 1
10
-333.050220
20
363.187550
11
-332.215647
21
363.622606
0
LINE
8
Layer 1
10
-332.215647
20
363.622606
11
-331.595020
21
363.797732
0
LINE
8
Layer 1
10
-331.595020
20
363.797732
11
-327.844549
21
361.749814
0
LINE
8
Layer 1
10
-327.844549
20
361.749814
11
-319.485020
21
356.840122
0
LINE
8
Layer 1
10
-319.485020
20
356.840122
11
-309.890707
21
351.004453
0
LINE
8
Layer 1
10
-309.890707
20
351.004453
11
-308.214559
21
349.815902
0
LINE
8
Layer 1
10
-308.214559
20
349.815902
11
-307.764220
21
349.224792
0
LINE
8
Layer 1
10
-307.764220
20
349.224792
11
-307.819554
21
348.970947
0
LINE
8
Layer 1
10
-307.819554
20
348.970947
11
-308.151532
21
348.610849
0
LINE
8
Layer 1
10
-308.151532
20
348.610849
11
-310.307835
21
347.166953
0
LINE
8
Layer 1
10
-310.307835
20
347.166953
11
-325.226720
21
338.549792
0
LINE
8
Layer 1
10
-325.226720
20
338.549792
11
-343.194620
21
328.117292
0
LINE
8
Layer 1
10
-343.194620
20
328.117292
11
-343.323347
21
327.749872
0
LINE
8
Layer 1
10
-343.323347
20
327.749872
11
-343.416112
21
326.673387
0
LINE
8
Layer 1
10
-343.416112
20
326.673387
11
-343.495364
21
320.790013
0
LINE
8
Layer 1
10
-343.495364
20
320.790013
11
-343.240020
21
282.879192
0
LINE
8
Layer 1
10
-343.240020
20
282.879192
11
-343.016354
21
248.713217
0
LINE
8
Layer 1
10
-343.016354
20
248.713217
11
-343.135850
21
237.789592
0
LINE
8
Layer 1
10
-343.135850
20
237.789592
11
-344.091669
21
237.700317
0
LINE
8
Layer 1
10
-344.091669
20
237.700317
11
-346.530050
21
238.020182
0
LINE
8
Layer 1
10
-346.530050
20
238.020182
11
-350.349215
21
238.424503
0
LINE
8
Layer 1
10
-350.349215
20
238.424503
11
-356.262140
21
238.521602
0
LINE
8
Layer 1
10
-356.262140
20
238.521602
11
-360.209930
21
238.492494
0
LINE
8
Layer 1
10
-360.209930
20
238.492494
11
-362.726460
21
238.360516
0
LINE
8
Layer 1
10
-362.726460
20
238.360516
11
-364.601380
21
238.045183
0
LINE
8
Layer 1
10
-364.601380
20
238.045183
11
-366.624340
21
237.466012
0
LINE
8
Layer 1
10
-366.624340
20
237.466012
11
-367.132935
21
237.447626
0
LINE
8
Layer 1
10
-367.132935
20
237.447626
11
-367.484240
21
237.823672
0
LINE
8
Layer 1
10
-367.484240
20
237.823672
11
-367.484390
21
237.823660
0
LINE
8
Layer 1
10
-344.484690
20
245.605050
11
-344.784690
21
290.367850
0
LINE
8
Layer 1
10
-344.784690
20
290.367850
11
-345.088290
21
328.714550
0
LINE
8
Layer 1
10
-345.088290
20
328.714550
11
-344.506170
21
329.185925
0
LINE
8
Layer 1
10
-344.506170
20
329.185925
11
-326.942070
21
339.356225
0
LINE
8
Layer 1
10
-326.942070
20
339.356225
11
-309.871170
21
349.134025
0
LINE
8
Layer 1
10
-309.871170
20
349.134025
11
-320.665570
21
355.706145
0
LINE
8
Layer 1
10
-320.665570
20
355.706145
11
-331.548870
21
362.199435
0
LINE
8
Layer 1
10
-331.548870
20
362.199435
11
-348.006570
21
352.724795
0
LINE
8
Layer 1
10
-348.006570
20
352.724795
11
-365.324170
21
342.806455
0
LINE
8
Layer 1
10
-365.324170
20
342.806455
11
-366.184070
21
342.362750
0
LINE
8
Layer 1
10
-366.184070
20
342.362750
11
-366.184000
21
290.875000
0
LINE
8
Layer 1
10
-366.184000
20
290.875000
11
-366.184000
21
239.388000
0
LINE
8
Layer 1
10
-366.184000
20
239.388000
11
-365.324100
21
239.562350
0
LINE
8
Layer 1
10
-365.324100
20
239.562350
11
-363.327388
21
239.870739
0
LINE
8
Layer 1
10
-363.327388
20
239.870739
11
-360.962017
21
240.075727
0
LINE
8
Layer 1
10
-360.962017
20
240.075727
11
-355.529488
21
240.182081
0
LINE
8
Layer 1
10
-355.529488
20
240.182081
11
-349.834889
21
239.894575
0
LINE
8
Layer 1
10
-349.834889
20
239.894575
11
-344.686600
21
239.226370
0
LINE
8
Layer 1
10
-344.686600
20
239.226370
11
-344.545400
21
241.085135
0
LINE
8
Layer 1
10
-344.545400
20
241.085135
11
-344.484570
21
245.605710
0
LINE
8
Layer 1
10
-344.484570
20
245.605710
11
-344.484690
21
245.605050
0
LINE
8
Layer 1
10
-313.491490
20
254.554290
11
-314.682089
21
254.882390
0
LINE
8
Layer 1
10
-314.682089
20
254.882390
11
-315.574716
21
255.341101
0
LINE
8
Layer 1
10
-315.574716
20
255.341101
11
-316.173165
21
255.933097
0
LINE
8
Layer 1
10
-316.173165
20
255.933097
11
-316.481230
21
256.661050
0
LINE
8
Layer 1
10
-316.481230
20
256.661050
11
-316.967420
21
287.920950
0
LINE
8
Layer 1
10
-316.967420
20
287.920950
11
-317.159326
21
314.531325
0
LINE
8
Layer 1
10
-317.159326
20
314.531325
11
-317.034556
21
318.204769
0
LINE
8
Layer 1
10
-317.034556
20
318.204769
11
-316.907600
21
318.896114
0
LINE
8
Layer 1
10
-316.907600
20
318.896114
11
-316.734020
21
319.304850
0
LINE
8
Layer 1
10
-316.734020
20
319.304850
11
-316.102813
21
320.375247
0
LINE
8
Layer 1
10
-316.102813
20
320.375247
11
-315.384087
21
321.285360
0
LINE
8
Layer 1
10
-315.384087
20
321.285360
11
-314.581133
21
322.031605
0
LINE
8
Layer 1
10
-314.581133
20
322.031605
11
-313.697240
21
322.610400
0
LINE
8
Layer 1
10
-313.697240
20
322.610400
11
-312.968308
21
322.931503
0
LINE
8
Layer 1
10
-312.968308
20
322.931503
11
-311.997022
21
323.105935
0
LINE
8
Layer 1
10
-311.997022
20
323.105935
11
-307.446670
21
323.188821
0
LINE
8
Layer 1
10
-307.446670
20
323.188821
11
-304.026430
21
323.138930
0
LINE
8
Layer 1
10
-304.026430
20
323.138930
11
-301.896635
21
322.944305
0
LINE
8
Layer 1
10
-301.896635
20
322.944305
11
-300.609862
21
322.524466
0
LINE
8
Layer 1
10
-300.609862
20
322.524466
11
-299.718690
21
321.798931
0
LINE
8
Layer 1
10
-299.718690
20
321.798931
11
-298.748463
21
320.549377
0
LINE
8
Layer 1
10
-298.748463
20
320.549377
11
-297.159271
21
317.193341
0
LINE
8
Layer 1
10
-297.159271
20
317.193341
11
-287.185090
21
292.692231
0
LINE
8
Layer 1
10
-287.185090
20
292.692231
11
-280.326870
21
275.684131
0
LINE
8
Layer 1
10
-280.326870
20
275.684131
11
-280.194580
21
297.719331
0
LINE
8
Layer 1
10
-280.194580
20
297.719331
11
-280.062290
21
319.754531
0
LINE
8
Layer 1
10
-280.062290
20
319.754531
11
-279.434950
21
320.763611
0
LINE
8
Layer 1
10
-279.434950
20
320.763611
11
-278.670987
21
321.682133
0
LINE
8
Layer 1
10
-278.670987
20
321.682133
11
-277.715160
21
322.473481
0
LINE
8
Layer 1
10
-277.715160
20
322.473481
11
-277.048238
21
322.847826
0
LINE
8
Layer 1
10
-277.048238
20
322.847826
11
-276.339381
21
323.073206
0
LINE
8
Layer 1
10
-276.339381
20
323.073206
11
-273.844580
21
323.273755
0
LINE
8
Layer 1
10
-273.844580
20
323.273755
11
-271.354637
21
323.262947
0
LINE
8
Layer 1
10
-271.354637
20
323.262947
11
-270.730335
21
323.089708
0
LINE
8
Layer 1
10
-270.730335
20
323.089708
11
-270.164970
21
322.754509
0
LINE
8
Layer 1
10
-270.164970
20
322.754509
11
-268.445180
21
321.119259
0
LINE
8
Layer 1
10
-268.445180
20
321.119259
11
-267.626870
21
320.102739
0
LINE
8
Layer 1
10
-267.626870
20
320.102739
11
-267.446640
21
289.633839
0
LINE
8
Layer 1
10
-267.446640
20
289.633839
11
-267.360964
21
263.574239
0
LINE
8
Layer 1
10
-267.360964
20
263.574239
11
-267.475346
21
259.554601
0
LINE
8
Layer 1
10
-267.475346
20
259.554601
11
-267.722520
21
258.371239
0
LINE
8
Layer 1
10
-267.722520
20
258.371239
11
-268.581604
21
257.511539
0
LINE
8
Layer 1
10
-268.581604
20
257.511539
11
-270.251550
21
256.519149
0
LINE
8
Layer 1
10
-270.251550
20
256.519149
11
-272.324490
21
255.460819
0
LINE
8
Layer 1
10
-272.324490
20
255.460819
11
-277.119000
21
255.461000
0
LINE
8
Layer 1
10
-277.119000
20
255.461000
11
-280.998131
21
255.566903
0
LINE
8
Layer 1
10
-280.998131
20
255.566903
11
-282.358735
21
255.742088
0
LINE
8
Layer 1
10
-282.358735
20
255.742088
11
-283.433364
21
256.036814
0
LINE
8
Layer 1
10
-283.433364
20
256.036814
11
-284.297017
21
256.479617
0
LINE
8
Layer 1
10
-284.297017
20
256.479617
11
-285.024694
21
257.099035
0
LINE
8
Layer 1
10
-285.024694
20
257.099035
11
-286.372120
21
258.981870
0
LINE
8
Layer 1
10
-286.372120
20
258.981870
11
-289.439543
21
265.991315
0
LINE
8
Layer 1
10
-289.439543
20
265.991315
11
-295.541840
21
280.728670
0
LINE
8
Layer 1
10
-295.541840
20
280.728670
11
-303.933390
21
301.101570
0
LINE
8
Layer 1
10
-303.933390
20
301.101570
11
-303.996315
21
294.562530
0
LINE
8
Layer 1
10
-303.996315
20
294.562530
11
-303.967890
21
278.655270
0
LINE
8
Layer 1
10
-303.967890
20
278.655270
11
-303.874390
21
256.076670
0
LINE
8
Layer 1
10
-303.874390
20
256.076670
11
-304.580910
21
255.468910
0
LINE
8
Layer 1
10
-304.580910
20
255.468910
11
-305.185243
21
255.106503
0
LINE
8
Layer 1
10
-305.185243
20
255.106503
11
-306.052760
21
254.802910
0
LINE
8
Layer 1
10
-306.052760
20
254.802910
11
-308.342089
21
254.396309
0
LINE
8
Layer 1
10
-308.342089
20
254.396309
11
-310.978373
21
254.297393
0
LINE
8
Layer 1
10
-310.978373
20
254.297393
11
-313.491090
21
254.554450
0
LINE
8
Layer 1
10
-313.491090
20
254.554450
11
-313.491490
21
254.554290
0
LINE
8
Layer 1
10
-305.996570
20
256.491430
11
-305.279640
21
256.961180
0
LINE
8
Layer 1
10
-305.279640
20
256.961180
11
-305.370640
21
280.420380
0
LINE
8
Layer 1
10
-305.370640
20
280.420380
11
-305.372175
21
297.085555
0
LINE
8
Layer 1
10
-305.372175
20
297.085555
11
-305.247920
21
304.210280
0
LINE
8
Layer 1
10
-305.247920
20
304.210280
11
-305.009527
21
304.461983
0
LINE
8
Layer 1
10
-305.009527
20
304.461983
11
-304.729928
21
304.555880
0
LINE
8
Layer 1
10
-304.729928
20
304.555880
11
-304.080486
21
304.296476
0
LINE
8
Layer 1
10
-304.080486
20
304.296476
11
-303.366336
21
303.484509
0
LINE
8
Layer 1
10
-303.366336
20
303.484509
11
-302.654220
21
302.172420
0
LINE
8
Layer 1
10
-302.654220
20
302.172420
11
-294.055240
21
281.257720
0
LINE
8
Layer 1
10
-294.055240
20
281.257720
11
-288.073049
21
266.837570
0
LINE
8
Layer 1
10
-288.073049
20
266.837570
11
-285.011980
21
259.847820
0
LINE
8
Layer 1
10
-285.011980
20
259.847820
11
-284.093376
21
258.503705
0
LINE
8
Layer 1
10
-284.093376
20
258.503705
11
-283.038859
21
257.666282
0
LINE
8
Layer 1
10
-283.038859
20
257.666282
11
-281.540032
21
257.175079
0
LINE
8
Layer 1
10
-281.540032
20
257.175079
11
-279.288500
21
256.869620
0
LINE
8
Layer 1
10
-279.288500
20
256.869620
11
-276.880641
21
256.742327
0
LINE
8
Layer 1
10
-276.880641
20
256.742327
11
-274.712279
21
256.851265
0
LINE
8
Layer 1
10
-274.712279
20
256.851265
11
-272.796087
21
257.195043
0
LINE
8
Layer 1
10
-272.796087
20
257.195043
11
-271.144740
21
257.772270
0
LINE
8
Layer 1
10
-271.144740
20
257.772270
11
-270.300492
21
258.076823
0
LINE
8
Layer 1
10
-270.300492
20
258.076823
11
-269.687533
21
258.427871
0
LINE
8
Layer 1
10
-269.687533
20
258.427871
11
-269.269345
21
259.316575
0
LINE
8
Layer 1
10
-269.269345
20
259.316575
11
-269.009413
21
261.234100
0
LINE
8
Layer 1
10
-269.009413
20
261.234100
11
-268.818248
21
270.120264
0
LINE
8
Layer 1
10
-268.818248
20
270.120264
11
-268.821910
21
289.015670
0
LINE
8
Layer 1
10
-268.821910
20
289.015670
11
-268.825910
21
318.696270
0
LINE
8
Layer 1
10
-268.825910
20
318.696270
11
-269.416870
21
319.729730
0
LINE
8
Layer 1
10
-269.416870
20
319.729730
11
-270.128656
21
320.765340
0
LINE
8
Layer 1
10
-270.128656
20
320.765340
11
-270.918341
21
321.414766
0
LINE
8
Layer 1
10
-270.918341
20
321.414766
11
-271.916259
21
321.749787
0
LINE
8
Layer 1
10
-271.916259
20
321.749787
11
-273.252740
21
321.842180
0
LINE
8
Layer 1
10
-273.252740
20
321.842180
11
-274.742519
21
321.758681
0
LINE
8
Layer 1
10
-274.742519
20
321.758681
11
-275.935446
21
321.504051
0
LINE
8
Layer 1
10
-275.935446
20
321.504051
11
-276.899648
21
321.056112
0
LINE
8
Layer 1
10
-276.899648
20
321.056112
11
-277.703250
21
320.392690
0
LINE
8
Layer 1
10
-277.703250
20
320.392690
11
-278.474490
21
319.587797
0
LINE
8
Layer 1
10
-278.474490
20
319.587797
11
-278.606780
21
296.123297
0
LINE
8
Layer 1
10
-278.606780
20
296.123297
11
-278.739080
21
272.658797
0
LINE
8
Layer 1
10
-278.739080
20
272.658797
11
-279.774000
21
272.659000
0
LINE
8
Layer 1
10
-279.774000
20
272.659000
11
-280.810000
21
272.659000
0
LINE
8
Layer 1
10
-280.810000
20
272.659000
11
-289.092000
21
293.164000
0
LINE
8
Layer 1
10
-289.092000
20
293.164000
11
-298.054900
21
315.653600
0
LINE
8
Layer 1
10
-298.054900
20
315.653600
11
-298.750919
21
317.406571
0
LINE
8
Layer 1
10
-298.750919
20
317.406571
11
-299.552464
21
318.973479
0
LINE
8
Layer 1
10
-299.552464
20
318.973479
11
-300.387434
21
320.229930
0
LINE
8
Layer 1
10
-300.387434
20
320.229930
11
-301.183730
21
321.051530
0
LINE
8
Layer 1
10
-301.183730
20
321.051530
11
-301.723987
21
321.355802
0
LINE
8
Layer 1
10
-301.723987
20
321.355802
11
-302.594123
21
321.533932
0
LINE
8
Layer 1
10
-302.594123
20
321.533932
11
-306.961900
21
321.693841
0
LINE
8
Layer 1
10
-306.961900
20
321.693841
11
-310.348550
21
321.713407
0
LINE
8
Layer 1
10
-310.348550
20
321.713407
11
-312.328657
21
321.527160
0
LINE
8
Layer 1
10
-312.328657
20
321.527160
11
-313.538661
21
320.990968
0
LINE
8
Layer 1
10
-313.538661
20
320.990968
11
-314.615000
21
319.960701
0
LINE
8
Layer 1
10
-314.615000
20
319.960701
11
-315.712330
21
318.770251
0
LINE
8
Layer 1
10
-315.712330
20
318.770251
11
-315.538440
21
293.068651
0
LINE
8
Layer 1
10
-315.538440
20
293.068651
11
-315.239230
21
262.340051
0
LINE
8
Layer 1
10
-315.239230
20
262.340051
11
-315.116200
21
256.990241
0
LINE
8
Layer 1
10
-315.116200
20
256.990241
11
-314.790591
21
256.608958
0
LINE
8
Layer 1
10
-314.790591
20
256.608958
11
-313.913891
21
256.301395
0
LINE
8
Layer 1
10
-313.913891
20
256.301395
11
-311.143980
21
255.942241
0
LINE
8
Layer 1
10
-311.143980
20
255.942241
11
-308.079994
21
255.982410
0
LINE
8
Layer 1
10
-308.079994
20
255.982410
11
-306.835700
21
256.173999
0
LINE
8
Layer 1
10
-306.835700
20
256.173999
11
-305.995460
21
256.491531
0
LINE
8
Layer 1
10
-305.995460
20
256.491531
11
-305.996570
21
256.491430
0
LINE
8
Layer 1
10
-208.095670
20
288.025230
11
-211.711134
21
288.614302
0
LINE
8
Layer 1
10
-211.711134
20
288.614302
11
-214.654419
21
289.320306
0
LINE
8
Layer 1
10
-214.654419
20
289.320306
11
-217.283279
21
290.248142
0
LINE
8
Layer 1
10
-217.283279
20
290.248142
11
-219.955470
21
291.502710
0
LINE
8
Layer 1
10
-219.955470
20
291.502710
11
-223.022912
21
293.316636
0
LINE
8
Layer 1
10
-223.022912
20
293.316636
11
-225.843158
21
295.451382
0
LINE
8
Layer 1
10
-225.843158
20
295.451382
11
-228.396347
21
297.880457
0
LINE
8
Layer 1
10
-228.396347
20
297.880457
11
-230.662613
21
300.577371
0
LINE
8
Layer 1
10
-230.662613
20
300.577371
11
-232.622092
21
303.515634
0
LINE
8
Layer 1
10
-232.622092
20
303.515634
11
-234.254920
21
306.668755
0
LINE
8
Layer 1
10
-234.254920
20
306.668755
11
-235.541234
21
310.010244
0
LINE
8
Layer 1
10
-235.541234
20
310.010244
11
-236.461170
21
313.513610
0
LINE
8
Layer 1
10
-236.461170
20
313.513610
11
-236.769761
21
316.074610
0
LINE
8
Layer 1
10
-236.769761
20
316.074610
11
-236.906550
21
319.573890
0
LINE
8
Layer 1
10
-236.906550
20
319.573890
11
-236.942050
21
323.626630
0
LINE
8
Layer 1
10
-236.942050
20
323.626630
11
-242.627250
21
326.871950
0
LINE
8
Layer 1
10
-242.627250
20
326.871950
11
-261.012450
21
337.338950
0
LINE
8
Layer 1
10
-261.012450
20
337.338950
11
-307.100212
21
363.609000
0
LINE
8
Layer 1
10
-307.100212
20
363.609000
11
-315.946467
21
368.739528
0
LINE
8
Layer 1
10
-315.946467
20
368.739528
11
-318.685350
21
370.462150
0
LINE
8
Layer 1
10
-318.685350
20
370.462150
11
-319.305826
21
371.181616
0
LINE
8
Layer 1
10
-319.305826
20
371.181616
11
-319.237769
21
371.413469
0
LINE
8
Layer 1
10
-319.237769
20
371.413469
11
-318.949930
21
371.713370
0
LINE
8
Layer 1
10
-318.949930
20
371.713370
11
-309.828030
21
377.310600
0
LINE
8
Layer 1
10
-309.828030
20
377.310600
11
-295.805130
21
385.623840
0
LINE
8
Layer 1
10
-295.805130
20
385.623840
11
-275.441618
21
397.640090
0
LINE
8
Layer 1
10
-275.441618
20
397.640090
11
-271.685285
21
399.772993
0
LINE
8
Layer 1
10
-271.685285
20
399.772993
11
-270.500130
21
400.316740
0
LINE
8
Layer 1
10
-270.500130
20
400.316740
11
-266.633939
21
398.142685
0
LINE
8
Layer 1
10
-266.633939
20
398.142685
11
-258.534955
21
393.298977
0
LINE
8
Layer 1
10
-258.534955
20
393.298977
11
-250.354558
21
388.296551
0
LINE
8
Layer 1
10
-250.354558
20
388.296551
11
-246.244130
21
385.646340
0
LINE
8
Layer 1
10
-246.244130
20
385.646340
11
-245.926663
21
385.218108
0
LINE
8
Layer 1
10
-245.926663
20
385.218108
11
-246.072320
21
384.831290
0
LINE
8
Layer 1
10
-246.072320
20
384.831290
11
-257.865620
21
378.079480
0
LINE
8
Layer 1
10
-257.865620
20
378.079480
11
-265.937124
21
373.510236
0
LINE
8
Layer 1
10
-265.937124
20
373.510236
11
-269.216120
21
371.483200
0
LINE
8
Layer 1
10
-269.216120
20
371.483200
11
-267.560860
21
370.415710
0
LINE
8
Layer 1
10
-267.560860
20
370.415710
11
-232.754460
21
350.156110
0
LINE
8
Layer 1
10
-232.754460
20
350.156110
11
-224.075670
21
345.051530
0
LINE
8
Layer 1
10
-224.075670
20
345.051530
11
-222.435710
21
346.113150
0
LINE
8
Layer 1
10
-222.435710
20
346.113150
11
-219.840873
21
347.606102
0
LINE
8
Layer 1
10
-219.840873
20
347.606102
11
-217.085538
21
348.840329
0
LINE
8
Layer 1
10
-217.085538
20
348.840329
11
-214.205402
21
349.809187
0
LINE
8
Layer 1
10
-214.205402
20
349.809187
11
-211.236158
21
350.506035
0
LINE
8
Layer 1
10
-211.236158
20
350.506035
11
-208.213501
21
350.924229
0
LINE
8
Layer 1
10
-208.213501
20
350.924229
11
-205.173128
21
351.057128
0
LINE
8
Layer 1
10
-205.173128
20
351.057128
11
-202.150732
21
350.898089
0
LINE
8
Layer 1
10
-202.150732
20
350.898089
11
-199.182010
21
350.440470
0
LINE
8
Layer 1
10
-199.182010
20
350.440470
11
-196.932212
21
349.896243
0
LINE
8
Layer 1
10
-196.932212
20
349.896243
11
-194.782041
21
349.217629
0
LINE
8
Layer 1
10
-194.782041
20
349.217629
11
-192.721946
21
348.399529
0
LINE
8
Layer 1
10
-192.721946
20
348.399529
11
-190.742376
21
347.436846
0
LINE
8
Layer 1
10
-190.742376
20
347.436846
11
-188.833779
21
346.324483
0
LINE
8
Layer 1
10
-188.833779
20
346.324483
11
-186.986604
21
345.057341
0
LINE
8
Layer 1
10
-186.986604
20
345.057341
11
-185.191298
21
343.630322
0
LINE
8
Layer 1
10
-185.191298
20
343.630322
11
-183.438310
21
342.038330
0
LINE
8
Layer 1
10
-183.438310
20
342.038330
11
-181.000596
21
339.405400
0
LINE
8
Layer 1
10
-181.000596
20
339.405400
11
-178.924017
21
336.586600
0
LINE
8
Layer 1
10
-178.924017
20
336.586600
11
-177.206585
21
333.611482
0
LINE
8
Layer 1
10
-177.206585
20
333.611482
11
-175.846314
21
330.509600
0
LINE
8
Layer 1
10
-175.846314
20
330.509600
11
-174.841215
21
327.310507
0
LINE
8
Layer 1
10
-174.841215
20
327.310507
11
-174.189303
21
324.043756
0
LINE
8
Layer 1
10
-174.189303
20
324.043756
11
-173.888590
21
320.738900
0
LINE
8
Layer 1
10
-173.888590
20
320.738900
11
-173.937089
21
317.425493
0
LINE
8
Layer 1
10
-173.937089
20
317.425493
11
-174.332812
21
314.133086
0
LINE
8
Layer 1
10
-174.332812
20
314.133086
11
-175.073772
21
310.891233
0
LINE
8
Layer 1
10
-175.073772
20
310.891233
11
-176.157983
21
307.729488
0
LINE
8
Layer 1
10
-176.157983
20
307.729488
11
-177.583457
21
304.677403
0
LINE
8
Layer 1
10
-177.583457
20
304.677403
11
-179.348207
21
301.764532
0
LINE
8
Layer 1
10
-179.348207
20
301.764532
11
-181.450245
21
299.020427
0
LINE
8
Layer 1
10
-181.450245
20
299.020427
11
-183.887585
21
296.474642
0
LINE
8
Layer 1
10
-183.887585
20
296.474642
11
-186.658240
21
294.156730
0
LINE
8
Layer 1
10
-186.658240
20
294.156730
11
-189.565680
21
292.241940
0
LINE
8
Layer 1
10
-189.565680
20
292.241940
11
-192.723035
21
290.630968
0
LINE
8
Layer 1
10
-192.723035
20
290.630968
11
-196.008993
21
289.377741
0
LINE
8
Layer 1
10
-196.008993
20
289.377741
11
-199.302240
21
288.536190
0
LINE
8
Layer 1
10
-199.302240
20
288.536190
11
-203.966999
21
288.052766
0
LINE
8
Layer 1
10
-203.966999
20
288.052766
11
-206.417976
21
287.963477
0
LINE
8
Layer 1
10
-206.417976
20
287.963477
11
-208.095740
21
288.025317
0
LINE
8
Layer 1
10
-208.095740
20
288.025317
11
-208.095670
21
288.025230
0
LINE
8
Layer 1
10
-201.463720
20
289.743440
11
-197.761624
21
290.491424
0
LINE
8
Layer 1
10
-197.761624
20
290.491424
11
-194.234017
21
291.669334
0
LINE
8
Layer 1
10
-194.234017
20
291.669334
11
-190.911287
21
293.255028
0
LINE
8
Layer 1
10
-190.911287
20
293.255028
11
-187.823820
21
295.226366
0
LINE
8
Layer 1
10
-187.823820
20
295.226366
11
-185.002003
21
297.561207
0
LINE
8
Layer 1
10
-185.002003
20
297.561207
11
-182.476223
21
300.237410
0
LINE
8
Layer 1
10
-182.476223
20
300.237410
11
-180.276866
21
303.232835
0
LINE
8
Layer 1
10
-180.276866
20
303.232835
11
-178.434320
21
306.525340
0
LINE
8
Layer 1
10
-178.434320
20
306.525340
11
-177.173242
21
309.450741
0
LINE
8
Layer 1
10
-177.173242
20
309.450741
11
-176.296011
21
312.257394
0
LINE
8
Layer 1
10
-176.296011
20
312.257394
11
-175.753680
21
315.141520
0
LINE
8
Layer 1
10
-175.753680
20
315.141520
11
-175.497300
21
318.299340
0
LINE
8
Layer 1
10
-175.497300
20
318.299340
11
-175.522561
21
321.443624
0
LINE
8
Layer 1
10
-175.522561
20
321.443624
11
-175.844887
21
324.483415
0
LINE
8
Layer 1
10
-175.844887
20
324.483415
11
-176.463924
21
327.417787
0
LINE
8
Layer 1
10
-176.463924
20
327.417787
11
-177.379318
21
330.245812
0
LINE
8
Layer 1
10
-177.379318
20
330.245812
11
-178.590712
21
332.966567
0
LINE
8
Layer 1
10
-178.590712
20
332.966567
11
-180.097754
21
335.579123
0
LINE
8
Layer 1
10
-180.097754
20
335.579123
11
-181.900088
21
338.082557
0
LINE
8
Layer 1
10
-181.900088
20
338.082557
11
-183.997360
21
340.475940
0
LINE
8
Layer 1
10
-183.997360
20
340.475940
11
-185.733011
21
342.139222
0
LINE
8
Layer 1
10
-185.733011
20
342.139222
11
-187.582248
21
343.638351
0
LINE
8
Layer 1
10
-187.582248
20
343.638351
11
-189.533472
21
344.971392
0
LINE
8
Layer 1
10
-189.533472
20
344.971392
11
-191.575084
21
346.136407
0
LINE
8
Layer 1
10
-191.575084
20
346.136407
11
-193.695485
21
347.131458
0
LINE
8
Layer 1
10
-193.695485
20
347.131458
11
-195.883076
21
347.954609
0
LINE
8
Layer 1
10
-195.883076
20
347.954609
11
-198.126257
21
348.603922
0
LINE
8
Layer 1
10
-198.126257
20
348.603922
11
-200.413431
21
349.077460
0
LINE
8
Layer 1
10
-200.413431
20
349.077460
11
-202.732998
21
349.373286
0
LINE
8
Layer 1
10
-202.732998
20
349.373286
11
-205.073359
21
349.489463
0
LINE
8
Layer 1
10
-205.073359
20
349.489463
11
-207.422916
21
349.424054
0
LINE
8
Layer 1
10
-207.422916
20
349.424054
11
-209.770068
21
349.175121
0
LINE
8
Layer 1
10
-209.770068
20
349.175121
11
-212.103218
21
348.740727
0
LINE
8
Layer 1
10
-212.103218
20
348.740727
11
-214.410765
21
348.118935
0
LINE
8
Layer 1
10
-214.410765
20
348.118935
11
-216.681113
21
347.307809
0
LINE
8
Layer 1
10
-216.681113
20
347.307809
11
-218.902660
21
346.305410
0
LINE
8
Layer 1
10
-218.902660
20
346.305410
11
-222.324860
21
344.304440
0
LINE
8
Layer 1
10
-222.324860
20
344.304440
11
-224.118560
21
343.119230
0
LINE
8
Layer 1
10
-224.118560
20
343.119230
11
-224.970690
21
343.762732
0
LINE
8
Layer 1
10
-224.970690
20
343.762732
11
-231.246780
21
347.533982
0
LINE
8
Layer 1
10
-231.246780
20
347.533982
11
-266.105680
21
367.981682
0
LINE
8
Layer 1
10
-266.105680
20
367.981682
11
-270.076491
21
370.430071
0
LINE
8
Layer 1
10
-270.076491
20
370.430071
11
-271.728070
21
371.631502
0
LINE
8
Layer 1
10
-271.728070
20
371.631502
11
-271.397340
21
372.207965
0
LINE
8
Layer 1
10
-271.397340
20
372.207965
11
-259.755640
21
378.767365
0
LINE
8
Layer 1
10
-259.755640
20
378.767365
11
-248.444740
21
385.242075
0
LINE
8
Layer 1
10
-248.444740
20
385.242075
11
-259.045915
21
391.885360
0
LINE
8
Layer 1
10
-259.045915
20
391.885360
11
-270.219040
21
398.616275
0
LINE
8
Layer 1
10
-270.219040
20
398.616275
11
-272.603962
21
397.473094
0
LINE
8
Layer 1
10
-272.603962
20
397.473094
11
-278.115110
21
394.299925
0
LINE
8
Layer 1
10
-278.115110
20
394.299925
11
-300.964610
21
380.746025
0
LINE
8
Layer 1
10
-300.964610
20
380.746025
11
-316.659310
21
371.343735
0
LINE
8
Layer 1
10
-316.659310
20
371.343735
11
-316.741255
21
371.136400
0
LINE
8
Layer 1
10
-316.741255
20
371.136400
11
-316.525062
21
370.855514
0
LINE
8
Layer 1
10
-316.525062
20
370.855514
11
-314.939520
21
369.848095
0
LINE
8
Layer 1
10
-314.939520
20
369.848095
11
-297.260420
21
359.787995
0
LINE
8
Layer 1
10
-297.260420
20
359.787995
11
-247.652420
21
331.492732
0
LINE
8
Layer 1
10
-247.652420
20
331.492732
11
-238.557582
21
326.193484
0
LINE
8
Layer 1
10
-238.557582
20
326.193484
11
-235.902620
21
324.471895
0
LINE
8
Layer 1
10
-235.902620
20
324.471895
11
-235.543129
21
323.994308
0
LINE
8
Layer 1
10
-235.543129
20
323.994308
11
-235.367909
21
323.449473
0
LINE
8
Layer 1
10
-235.367909
20
323.449473
11
-235.407270
21
321.023155
0
LINE
8
Layer 1
10
-235.407270
20
321.023155
11
-235.407900
21
317.912786
0
LINE
8
Layer 1
10
-235.407900
20
317.912786
11
-235.069901
21
314.815993
0
LINE
8
Layer 1
10
-235.069901
20
314.815993
11
-234.405718
21
311.764958
0
LINE
8
Layer 1
10
-234.405718
20
311.764958
11
-233.427799
21
308.791864
0
LINE
8
Layer 1
10
-233.427799
20
308.791864
11
-232.148589
21
305.928894
0
LINE
8
Layer 1
10
-232.148589
20
305.928894
11
-230.580535
21
303.208230
0
LINE
8
Layer 1
10
-230.580535
20
303.208230
11
-228.736083
21
300.662056
0
LINE
8
Layer 1
10
-228.736083
20
300.662056
11
-226.627680
21
298.322555
0
LINE
8
Layer 1
10
-226.627680
20
298.322555
11
-224.000309
21
295.991221
0
LINE
8
Layer 1
10
-224.000309
20
295.991221
11
-221.156419
21
293.996239
0
LINE
8
Layer 1
10
-221.156419
20
293.996239
11
-218.130254
21
292.349282
0
LINE
8
Layer 1
10
-218.130254
20
292.349282
11
-214.956059
21
291.062027
0
LINE
8
Layer 1
10
-214.956059
20
291.062027
11
-211.668079
21
290.146149
0
LINE
8
Layer 1
10
-211.668079
20
290.146149
11
-208.300560
21
289.613322
0
LINE
8
Layer 1
10
-208.300560
20
289.613322
11
-204.887745
21
289.475223
0
LINE
8
Layer 1
10
-204.887745
20
289.475223
11
-201.463880
21
289.743525
0
LINE
8
Layer 1
10
-201.463880
20
289.743525
11
-201.463720
21
289.743440
0
LINE
8
Layer 1
10
-208.227960
20
311.123040
11
-209.975529
21
311.922317
0
LINE
8
Layer 1
10
-209.975529
20
311.922317
11
-211.558230
21
313.080986
0
LINE
8
Layer 1
10
-211.558230
20
313.080986
11
-212.877411
21
314.511039
0
LINE
8
Layer 1
10
-212.877411
20
314.511039
11
-213.834420
21
316.124470
0
LINE
8
Layer 1
10
-213.834420
20
316.124470
11
-214.274596
21
317.675697
0
LINE
8
Layer 1
10
-214.274596
20
317.675697
11
-214.424491
21
319.502353
0
LINE
8
Layer 1
10
-214.424491
20
319.502353
11
-214.283426
21
321.322614
0
LINE
8
Layer 1
10
-214.283426
20
321.322614
11
-213.850720
21
322.854660
0
LINE
8
Layer 1
10
-213.850720
20
322.854660
11
-213.048154
21
324.230789
0
LINE
8
Layer 1
10
-213.048154
20
324.230789
11
-211.948404
21
325.515322
0
LINE
8
Layer 1
10
-211.948404
20
325.515322
11
-210.648521
21
326.611955
0
LINE
8
Layer 1
10
-210.648521
20
326.611955
11
-209.245560
21
327.424380
0
LINE
8
Layer 1
10
-209.245560
20
327.424380
11
-207.538700
21
328.011743
0
LINE
8
Layer 1
10
-207.538700
20
328.011743
11
-205.479400
21
328.032982
0
LINE
8
Layer 1
10
-205.479400
20
328.032982
11
-203.681899
21
327.802435
0
LINE
8
Layer 1
10
-203.681899
20
327.802435
11
-202.150624
21
327.299807
0
LINE
8
Layer 1
10
-202.150624
20
327.299807
11
-200.796055
21
326.484204
0
LINE
8
Layer 1
10
-200.796055
20
326.484204
11
-199.528670
21
325.314732
0
LINE
8
Layer 1
10
-199.528670
20
325.314732
11
-198.467281
21
323.991439
0
LINE
8
Layer 1
10
-198.467281
20
323.991439
11
-197.774819
21
322.671313
0
LINE
8
Layer 1
10
-197.774819
20
322.671313
11
-197.398239
21
321.216685
0
LINE
8
Layer 1
10
-197.398239
20
321.216685
11
-197.284500
21
319.489882
0
LINE
8
Layer 1
10
-197.284500
20
319.489882
11
-197.398239
21
317.763081
0
LINE
8
Layer 1
10
-197.398239
20
317.763081
11
-197.774819
21
316.308455
0
LINE
8
Layer 1
10
-197.774819
20
316.308455
11
-198.467281
21
314.988329
0
LINE
8
Layer 1
10
-198.467281
20
314.988329
11
-199.528670
21
313.665032
0
LINE
8
Layer 1
10
-199.528670
20
313.665032
11
-200.805030
21
312.485591
0
LINE
8
Layer 1
10
-200.805030
20
312.485591
11
-202.156699
21
311.673296
0
LINE
8
Layer 1
10
-202.156699
20
311.673296
11
-203.674648
21
311.186979
0
LINE
8
Layer 1
10
-203.674648
20
311.186979
11
-205.449850
21
310.985472
0
LINE
8
Layer 1
10
-205.449850
20
310.985472
11
-207.139049
21
310.993002
0
LINE
8
Layer 1
10
-207.139049
20
310.993002
11
-208.227970
21
311.123023
0
LINE
8
Layer 1
10
-208.227970
20
311.123023
11
-208.227960
21
311.123040
0
LINE
8
Layer 1
10
-202.211690
20
313.438400
11
-200.678711
21
314.734186
0
LINE
8
Layer 1
10
-200.678711
20
314.734186
11
-199.541131
21
316.412690
0
LINE
8
Layer 1
10
-199.541131
20
316.412690
11
-198.884948
21
318.302821
0
LINE
8
Layer 1
10
-198.884948
20
318.302821
11
-198.764255
21
319.273782
0
LINE
8
Layer 1
10
-198.764255
20
319.273782
11
-198.796160
21
320.233490
0
LINE
8
Layer 1
10
-198.796160
20
320.233490
11
-199.042881
21
321.468790
0
LINE
8
Layer 1
10
-199.042881
20
321.468790
11
-199.463244
21
322.579149
0
LINE
8
Layer 1
10
-199.463244
20
322.579149
11
-200.036679
21
323.560609
0
LINE
8
Layer 1
10
-200.036679
20
323.560609
11
-200.742619
21
324.409207
0
LINE
8
Layer 1
10
-200.742619
20
324.409207
11
-201.560495
21
325.120985
0
LINE
8
Layer 1
10
-201.560495
20
325.120985
11
-202.469739
21
325.691982
0
LINE
8
Layer 1
10
-202.469739
20
325.691982
11
-203.449784
21
326.118238
0
LINE
8
Layer 1
10
-203.449784
20
326.118238
11
-204.480061
21
326.395792
0
LINE
8
Layer 1
10
-204.480061
20
326.395792
11
-205.540002
21
326.520686
0
LINE
8
Layer 1
10
-205.540002
20
326.520686
11
-206.609039
21
326.488958
0
LINE
8
Layer 1
10
-206.609039
20
326.488958
11
-207.666604
21
326.296648
0
LINE
8
Layer 1
10
-207.666604
20
326.296648
11
-208.692128
21
325.939797
0
LINE
8
Layer 1
10
-208.692128
20
325.939797
11
-209.665044
21
325.414443
0
LINE
8
Layer 1
10
-209.665044
20
325.414443
11
-210.564784
21
324.716628
0
LINE
8
Layer 1
10
-210.564784
20
324.716628
11
-211.370778
21
323.842390
0
LINE
8
Layer 1
10
-211.370778
20
323.842390
11
-212.062460
21
322.787770
0
LINE
8
Layer 1
10
-212.062460
20
322.787770
11
-212.708183
21
321.267019
0
LINE
8
Layer 1
10
-212.708183
20
321.267019
11
-212.854240
21
319.489880
0
LINE
8
Layer 1
10
-212.854240
20
319.489880
11
-212.708588
21
317.714621
0
LINE
8
Layer 1
10
-212.708588
20
317.714621
11
-212.062460
21
316.203340
0
LINE
8
Layer 1
10
-212.062460
20
316.203340
11
-210.838761
21
314.487152
0
LINE
8
Layer 1
10
-210.838761
20
314.487152
11
-210.129321
21
313.838267
0
LINE
8
Layer 1
10
-210.129321
20
313.838267
11
-209.347504
21
313.324867
0
LINE
8
Layer 1
10
-209.347504
20
313.324867
11
-208.487821
21
312.943964
0
LINE
8
Layer 1
10
-208.487821
20
312.943964
11
-207.544785
21
312.692567
0
LINE
8
Layer 1
10
-207.544785
20
312.692567
11
-205.386700
21
312.566330
0
LINE
8
Layer 1
10
-205.386700
20
312.566330
11
-203.600218
21
312.796414
0
LINE
8
Layer 1
10
-203.600218
20
312.796414
11
-202.211700
21
313.438394
0
LINE
8
Layer 1
10
-202.211700
20
313.438394
11
-202.211690
21
313.438400
0
LINE
8
Layer 1
10
-114.254290
20
303.748440
11
-118.485069
21
304.634418
0
LINE
8
Layer 1
10
-118.485069
20
304.634418
11
-122.603119
21
306.065001
0
LINE
8
Layer 1
10
-122.603119
20
306.065001
11
-126.498679
21
307.994176
0
LINE
8
Layer 1
10
-126.498679
20
307.994176
11
-130.061990
21
310.375930
0
LINE
8
Layer 1
10
-130.061990
20
310.375930
11
-131.884682
21
311.966418
0
LINE
8
Layer 1
10
-131.884682
20
311.966418
11
-133.859665
21
313.984607
0
LINE
8
Layer 1
10
-133.859665
20
313.984607
11
-135.710486
21
316.129664
0
LINE
8
Layer 1
10
-135.710486
20
316.129664
11
-137.160690
21
318.100750
0
LINE
8
Layer 1
10
-137.160690
20
318.100750
11
-138.449787
21
320.213775
0
LINE
8
Layer 1
10
-138.449787
20
320.213775
11
-139.540614
21
322.286634
0
LINE
8
Layer 1
10
-139.540614
20
322.286634
11
-140.443047
21
324.352059
0
LINE
8
Layer 1
10
-140.443047
20
324.352059
11
-141.166963
21
326.442780
0
LINE
8
Layer 1
10
-141.166963
20
326.442780
11
-141.722236
21
328.591529
0
LINE
8
Layer 1
10
-141.722236
20
328.591529
11
-142.118742
21
330.831036
0
LINE
8
Layer 1
10
-142.118742
20
330.831036
11
-142.366358
21
333.194033
0
LINE
8
Layer 1
10
-142.366358
20
333.194033
11
-142.474960
21
335.713250
0
LINE
8
Layer 1
10
-142.474960
20
335.713250
11
-142.590111
21
338.640387
0
LINE
8
Layer 1
10
-142.590111
20
338.640387
11
-142.774510
21
339.987170
0
LINE
8
Layer 1
10
-142.774510
20
339.987170
11
-153.295173
21
346.191133
0
LINE
8
Layer 1
10
-153.295173
20
346.191133
11
-176.345710
21
359.499170
0
LINE
8
Layer 1
10
-176.345710
20
359.499170
11
-221.192610
21
385.315070
0
LINE
8
Layer 1
10
-221.192610
20
385.315070
11
-252.920110
21
403.710882
0
LINE
8
Layer 1
10
-252.920110
20
403.710882
11
-256.183598
21
405.780156
0
LINE
8
Layer 1
10
-256.183598
20
405.780156
11
-256.415921
21
406.075371
0
LINE
8
Layer 1
10
-256.415921
20
406.075371
11
-256.382210
21
406.274870
0
LINE
8
Layer 1
10
-256.382210
20
406.274870
11
-256.223774
21
407.281932
0
LINE
8
Layer 1
10
-256.223774
20
407.281932
11
-256.058906
21
407.606417
0
LINE
8
Layer 1
10
-256.058906
20
407.606417
11
-255.866430
21
407.728430
0
LINE
8
Layer 1
10
-255.866430
20
407.728430
11
-244.724630
21
414.220120
0
LINE
8
Layer 1
10
-244.724630
20
414.220120
11
-233.170130
21
420.864250
0
LINE
8
Layer 1
10
-233.170130
20
420.864250
11
-232.645053
21
420.893731
0
LINE
8
Layer 1
10
-232.645053
20
420.893731
11
-232.235490
21
420.750600
0
LINE
8
Layer 1
10
-232.235490
20
420.750600
11
-217.488390
21
412.034640
0
LINE
8
Layer 1
10
-217.488390
20
412.034640
11
-178.991490
21
389.477040
0
LINE
8
Layer 1
10
-178.991490
20
389.477040
11
-142.762790
21
368.231240
0
LINE
8
Layer 1
10
-142.762790
20
368.231240
11
-133.036410
21
362.623562
0
LINE
8
Layer 1
10
-133.036410
20
362.623562
11
-130.959391
21
361.560704
0
LINE
8
Layer 1
10
-130.959391
20
361.560704
11
-130.195090
21
361.360710
0
LINE
8
Layer 1
10
-130.195090
20
361.360710
11
-125.897054
21
364.000573
0
LINE
8
Layer 1
10
-125.897054
20
364.000573
11
-122.871850
21
365.501620
0
LINE
8
Layer 1
10
-122.871850
20
365.501620
11
-120.104800
21
366.512642
0
LINE
8
Layer 1
10
-120.104800
20
366.512642
11
-117.265129
21
367.264276
0
LINE
8
Layer 1
10
-117.265129
20
367.264276
11
-114.371529
21
367.755886
0
LINE
8
Layer 1
10
-114.371529
20
367.755886
11
-111.442690
21
367.986832
0
LINE
8
Layer 1
10
-111.442690
20
367.986832
11
-108.497302
21
367.956477
0
LINE
8
Layer 1
10
-108.497302
20
367.956477
11
-105.554056
21
367.664184
0
LINE
8
Layer 1
10
-105.554056
20
367.664184
11
-102.631641
21
367.109313
0
LINE
8
Layer 1
10
-102.631641
20
367.109313
11
-99.748750
21
366.291227
0
LINE
8
Layer 1
10
-99.748750
20
366.291227
11
-95.793887
21
364.675304
0
LINE
8
Layer 1
10
-95.793887
20
364.675304
11
-92.128538
21
362.573503
0
LINE
8
Layer 1
10
-92.128538
20
362.573503
11
-88.789963
21
360.027834
0
LINE
8
Layer 1
10
-88.789963
20
360.027834
11
-85.815425
21
357.080308
0
LINE
8
Layer 1
10
-85.815425
20
357.080308
11
-83.242184
21
353.772935
0
LINE
8
Layer 1
10
-83.242184
20
353.772935
11
-81.107500
21
350.147723
0
LINE
8
Layer 1
10
-81.107500
20
350.147723
11
-79.448635
21
346.246684
0
LINE
8
Layer 1
10
-79.448635
20
346.246684
11
-78.302850
21
342.111827
0
LINE
8
Layer 1
10
-78.302850
20
342.111827
11
-77.854195
21
339.001583
0
LINE
8
Layer 1
10
-77.854195
20
339.001583
11
-77.704726
21
335.628882
0
LINE
8
Layer 1
10
-77.704726
20
335.628882
11
-77.854435
21
332.256504
0
LINE
8
Layer 1
10
-77.854435
20
332.256504
11
-78.303310
21
329.147227
0
LINE
8
Layer 1
10
-78.303310
20
329.147227
11
-78.875105
21
326.820483
0
LINE
8
Layer 1
10
-78.875105
20
326.820483
11
-79.608434
21
324.567456
0
LINE
8
Layer 1
10
-79.608434
20
324.567456
11
-80.497254
21
322.394157
0
LINE
8
Layer 1
10
-80.497254
20
322.394157
11
-81.535525
21
320.306593
0
LINE
8
Layer 1
10
-81.535525
20
320.306593
11
-82.717205
21
318.310774
0
LINE
8
Layer 1
10
-82.717205
20
318.310774
11
-84.036254
21
316.412709
0
LINE
8
Layer 1
10
-84.036254
20
316.412709
11
-85.486629
21
314.618407
0
LINE
8
Layer 1
10
-85.486629
20
314.618407
11
-87.062290
21
312.933877
0
LINE
8
Layer 1
10
-87.062290
20
312.933877
11
-88.757195
21
311.365129
0
LINE
8
Layer 1
10
-88.757195
20
311.365129
11
-90.565304
21
309.918170
0
LINE
8
Layer 1
10
-90.565304
20
309.918170
11
-92.480574
21
308.599012
0
LINE
8
Layer 1
10
-92.480574
20
308.599012
11
-94.496965
21
307.413661
0
LINE
8
Layer 1
10
-94.496965
20
307.413661
11
-96.608435
21
306.368129
0
LINE
8
Layer 1
10
-96.608435
20
306.368129
11
-98.808944
21
305.468423
0
LINE
8
Layer 1
10
-98.808944
20
305.468423
11
-101.092449
21
304.720552
0
LINE
8
Layer 1
10
-101.092449
20
304.720552
11
-103.452910
21
304.130527
0
LINE
8
Layer 1
10
-103.452910
20
304.130527
11
-105.800376
21
303.813317
0
LINE
8
Layer 1
10
-105.800376
20
303.813317
11
-108.849101
21
303.627424
0
LINE
8
Layer 1
10
-108.849101
20
303.627424
11
-111.900055
21
303.597573
0
LINE
8
Layer 1
10
-111.900055
20
303.597573
11
-114.254210
21
303.748489
0
LINE
8
Layer 1
10
-114.254210
20
303.748489
11
-114.254290
21
303.748440
0
LINE
8
Layer 1
10
-104.877890
20
305.479660
11
-102.376950
21
306.011625
0
LINE
8
Layer 1
10
-102.376950
20
306.011625
11
-99.982775
21
306.717620
0
LINE
8
Layer 1
10
-99.982775
20
306.717620
11
-97.691325
21
307.599815
0
LINE
8
Layer 1
10
-97.691325
20
307.599815
11
-95.498558
21
308.660379
0
LINE
8
Layer 1
10
-95.498558
20
308.660379
11
-93.400432
21
309.901480
0
LINE
8
Layer 1
10
-93.400432
20
309.901480
11
-91.392906
21
311.325288
0
LINE
8
Layer 1
10
-91.392906
20
311.325288
11
-89.471939
21
312.933972
0
LINE
8
Layer 1
10
-89.471939
20
312.933972
11
-87.633490
21
314.729700
0
LINE
8
Layer 1
10
-87.633490
20
314.729700
11
-85.781650
21
316.853527
0
LINE
8
Layer 1
10
-85.781650
20
316.853527
11
-84.156406
21
319.086513
0
LINE
8
Layer 1
10
-84.156406
20
319.086513
11
-82.758451
21
321.415273
0
LINE
8
Layer 1
10
-82.758451
20
321.415273
11
-81.588477
21
323.826427
0
LINE
8
Layer 1
10
-81.588477
20
323.826427
11
-80.647178
21
326.306590
0
LINE
8
Layer 1
10
-80.647178
20
326.306590
11
-79.935246
21
328.842380
0
LINE
8
Layer 1
10
-79.935246
20
328.842380
11
-79.453376
21
331.420415
0
LINE
8
Layer 1
10
-79.453376
20
331.420415
11
-79.202260
21
334.027312
0
LINE
8
Layer 1
10
-79.202260
20
334.027312
11
-79.182591
21
336.649689
0
LINE
8
Layer 1
10
-79.182591
20
336.649689
11
-79.395062
21
339.274162
0
LINE
8
Layer 1
10
-79.395062
20
339.274162
11
-79.840367
21
341.887349
0
LINE
8
Layer 1
10
-79.840367
20
341.887349
11
-80.519198
21
344.475867
0
LINE
8
Layer 1
10
-80.519198
20
344.475867
11
-81.432249
21
347.026334
0
LINE
8
Layer 1
10
-81.432249
20
347.026334
11
-82.580212
21
349.525367
0
LINE
8
Layer 1
10
-82.580212
20
349.525367
11
-83.963782
21
351.959583
0
LINE
8
Layer 1
10
-83.963782
20
351.959583
11
-85.583650
21
354.315600
0
LINE
8
Layer 1
10
-85.583650
20
354.315600
11
-86.916244
21
355.960340
0
LINE
8
Layer 1
10
-86.916244
20
355.960340
11
-88.365767
21
357.506971
0
LINE
8
Layer 1
10
-88.365767
20
357.506971
11
-91.590283
21
360.286987
0
LINE
8
Layer 1
10
-91.590283
20
360.286987
11
-95.206557
21
362.617810
0
LINE
8
Layer 1
10
-95.206557
20
362.617810
11
-99.163950
21
364.461600
0
LINE
8
Layer 1
10
-99.163950
20
364.461600
11
-102.901990
21
365.622148
0
LINE
8
Layer 1
10
-102.901990
20
365.622148
11
-106.760213
21
366.286020
0
LINE
8
Layer 1
10
-106.760213
20
366.286020
11
-110.672691
21
366.462376
0
LINE
8
Layer 1
10
-110.672691
20
366.462376
11
-114.573498
21
366.160376
0
LINE
8
Layer 1
10
-114.573498
20
366.160376
11
-118.396704
21
365.389181
0
LINE
8
Layer 1
10
-118.396704
20
365.389181
11
-122.076383
21
364.157950
0
LINE
8
Layer 1
10
-122.076383
20
364.157950
11
-125.546608
21
362.475843
0
LINE
8
Layer 1
10
-125.546608
20
362.475843
11
-128.741450
21
360.352020
0
LINE
8
Layer 1
10
-128.741450
20
360.352020
11
-130.041934
21
359.495310
0
LINE
8
Layer 1
10
-130.041934
20
359.495310
11
-130.493113
21
359.389951
0
LINE
8
Layer 1
10
-130.493113
20
359.389951
11
-130.958470
21
359.439465
0
LINE
8
Layer 1
10
-130.958470
20
359.439465
11
-131.527001
21
359.624766
0
LINE
8
Layer 1
10
-131.527001
20
359.624766
11
-131.763470
21
359.821998
0
LINE
8
Layer 1
10
-131.763470
20
359.821998
11
-134.872330
21
361.818828
0
LINE
8
Layer 1
10
-134.872330
20
361.818828
11
-184.812430
21
391.053628
0
LINE
8
Layer 1
10
-184.812430
20
391.053628
11
-232.402830
21
418.891428
0
LINE
8
Layer 1
10
-232.402830
20
418.891428
11
-232.675563
21
419.006748
0
LINE
8
Layer 1
10
-232.675563
20
419.006748
11
-233.015287
21
419.013765
0
LINE
8
Layer 1
10
-233.015287
20
419.013765
11
-234.418529
21
418.431020
0
LINE
8
Layer 1
10
-234.418529
20
418.431020
11
-243.779930
21
412.975358
0
LINE
8
Layer 1
10
-243.779930
20
412.975358
11
-254.451730
21
406.469158
0
LINE
8
Layer 1
10
-254.451730
20
406.469158
11
-247.634455
21
402.384073
0
LINE
8
Layer 1
10
-247.634455
20
402.384073
11
-231.168430
21
392.837758
0
LINE
8
Layer 1
10
-231.168430
20
392.837758
11
-174.361530
21
359.974958
0
LINE
8
Layer 1
10
-174.361530
20
359.974958
11
-152.798030
21
347.540758
0
LINE
8
Layer 1
10
-152.798030
20
347.540758
11
-141.780330
21
341.141408
0
LINE
8
Layer 1
10
-141.780330
20
341.141408
11
-140.816800
21
340.491892
0
LINE
8
Layer 1
10
-140.816800
20
340.491892
11
-140.957030
21
337.244882
0
LINE
8
Layer 1
10
-140.957030
20
337.244882
11
-140.958930
21
334.659647
0
LINE
8
Layer 1
10
-140.958930
20
334.659647
11
-140.745052
21
332.112839
0
LINE
8
Layer 1
10
-140.745052
20
332.112839
11
-140.322994
21
329.615257
0
LINE
8
Layer 1
10
-140.322994
20
329.615257
11
-139.700354
21
327.177698
0
LINE
8
Layer 1
10
-139.700354
20
327.177698
11
-138.884730
21
324.810958
0
LINE
8
Layer 1
10
-138.884730
20
324.810958
11
-137.883720
21
322.525836
0
LINE
8
Layer 1
10
-137.883720
20
322.525836
11
-136.704921
21
320.333128
0
LINE
8
Layer 1
10
-136.704921
20
320.333128
11
-135.355933
21
318.243632
0
LINE
8
Layer 1
10
-135.355933
20
318.243632
11
-133.844351
21
316.268146
0
LINE
8
Layer 1
10
-133.844351
20
316.268146
11
-132.177776
21
314.417466
0
LINE
8
Layer 1
10
-132.177776
20
314.417466
11
-130.363804
21
312.702390
0
LINE
8
Layer 1
10
-130.363804
20
312.702390
11
-128.410034
21
311.133716
0
LINE
8
Layer 1
10
-128.410034
20
311.133716
11
-126.324064
21
309.722241
0
LINE
8
Layer 1
10
-126.324064
20
309.722241
11
-124.113491
21
308.478762
0
LINE
8
Layer 1
10
-124.113491
20
308.478762
11
-121.785914
21
307.414077
0
LINE
8
Layer 1
10
-121.785914
20
307.414077
11
-119.348930
21
306.538982
0
LINE
8
Layer 1
10
-119.348930
20
306.538982
11
-115.739021
21
305.641628
0
LINE
8
Layer 1
10
-115.739021
20
305.641628
11
-112.050943
21
305.160600
0
LINE
8
Layer 1
10
-112.050943
20
305.160600
11
-108.394158
21
305.103910
0
LINE
8
Layer 1
10
-108.394158
20
305.103910
11
-104.878130
21
305.479572
0
LINE
8
Layer 1
10
-104.878130
20
305.479572
11
-104.877890
21
305.479660
0
LINE
8
Layer 1
10
-113.666900
20
327.654660
11
-114.759731
21
328.095281
0
LINE
8
Layer 1
10
-114.759731
20
328.095281
11
-115.749074
21
328.659447
0
LINE
8
Layer 1
10
-115.749074
20
328.659447
11
-117.404949
21
330.105107
0
LINE
8
Layer 1
10
-117.404949
20
330.105107
11
-118.609831
21
331.885022
0
LINE
8
Layer 1
10
-118.609831
20
331.885022
11
-119.339025
21
333.892572
0
LINE
8
Layer 1
10
-119.339025
20
333.892572
11
-119.567836
21
336.021140
0
LINE
8
Layer 1
10
-119.567836
20
336.021140
11
-119.271568
21
338.164106
0
LINE
8
Layer 1
10
-119.271568
20
338.164106
11
-118.425528
21
340.214852
0
LINE
8
Layer 1
10
-118.425528
20
340.214852
11
-117.788626
21
341.172325
0
LINE
8
Layer 1
10
-117.788626
20
341.172325
11
-117.005020
21
342.066760
0
LINE
8
Layer 1
10
-117.005020
20
342.066760
11
-115.315431
21
343.378147
0
LINE
8
Layer 1
10
-115.315431
20
343.378147
11
-113.425265
21
344.202988
0
LINE
8
Layer 1
10
-113.425265
20
344.202988
11
-111.426112
21
344.556276
0
LINE
8
Layer 1
10
-111.426112
20
344.556276
11
-109.409563
21
344.453005
0
LINE
8
Layer 1
10
-109.409563
20
344.453005
11
-107.467208
21
343.908170
0
LINE
8
Layer 1
10
-107.467208
20
343.908170
11
-105.690639
21
342.936765
0
LINE
8
Layer 1
10
-105.690639
20
342.936765
11
-104.171446
21
341.553783
0
LINE
8
Layer 1
10
-104.171446
20
341.553783
11
-103.001220
21
339.774220
0
LINE
8
Layer 1
10
-103.001220
20
339.774220
11
-102.404595
21
338.161335
0
LINE
8
Layer 1
10
-102.404595
20
338.161335
11
-102.265740
21
336.155090
0
LINE
8
Layer 1
10
-102.265740
20
336.155090
11
-102.410809
21
334.092271
0
LINE
8
Layer 1
10
-102.410809
20
334.092271
11
-103.133400
21
332.262350
0
LINE
8
Layer 1
10
-103.133400
20
332.262350
11
-103.925977
21
330.918611
0
LINE
8
Layer 1
10
-103.925977
20
330.918611
11
-104.885216
21
329.784321
0
LINE
8
Layer 1
10
-104.885216
20
329.784321
11
-106.031635
21
328.839221
0
LINE
8
Layer 1
10
-106.031635
20
328.839221
11
-107.385750
21
328.063050
0
LINE
8
Layer 1
10
-107.385750
20
328.063050
11
-108.783597
21
327.620510
0
LINE
8
Layer 1
10
-108.783597
20
327.620510
11
-110.498213
21
327.391810
0
LINE
8
Layer 1
10
-110.498213
20
327.391810
11
-112.226887
21
327.396631
0
LINE
8
Layer 1
10
-112.226887
20
327.396631
11
-113.666910
21
327.654655
0
LINE
8
Layer 1
10
-113.666910
20
327.654655
11
-113.666900
21
327.654660
0
LINE
8
Layer 1
10
-107.950930
20
329.530150
11
-106.801587
21
330.276715
0
LINE
8
Layer 1
10
-106.801587
20
330.276715
11
-105.734006
21
331.273457
0
LINE
8
Layer 1
10
-105.734006
20
331.273457
11
-104.848212
21
332.411080
0
LINE
8
Layer 1
10
-104.848212
20
332.411080
11
-104.244230
21
333.580290
0
LINE
8
Layer 1
10
-104.244230
20
333.580290
11
-103.879763
21
334.869254
0
LINE
8
Layer 1
10
-103.879763
20
334.869254
11
-103.748840
21
336.138202
0
LINE
8
Layer 1
10
-103.748840
20
336.138202
11
-103.844330
21
337.367951
0
LINE
8
Layer 1
10
-103.844330
20
337.367951
11
-104.159105
21
338.539316
0
LINE
8
Layer 1
10
-104.159105
20
338.539316
11
-104.686034
21
339.633113
0
LINE
8
Layer 1
10
-104.686034
20
339.633113
11
-105.417988
21
340.630157
0
LINE
8
Layer 1
10
-105.417988
20
340.630157
11
-106.347836
21
341.511264
0
LINE
8
Layer 1
10
-106.347836
20
341.511264
11
-107.468450
21
342.257250
0
LINE
8
Layer 1
10
-107.468450
20
342.257250
11
-108.548454
21
342.729789
0
LINE
8
Layer 1
10
-108.548454
20
342.729789
11
-109.686520
21
342.997106
0
LINE
8
Layer 1
10
-109.686520
20
342.997106
11
-110.855224
21
343.064454
0
LINE
8
Layer 1
10
-110.855224
20
343.064454
11
-112.027145
21
342.937083
0
LINE
8
Layer 1
10
-112.027145
20
342.937083
11
-113.174860
21
342.620246
0
LINE
8
Layer 1
10
-113.174860
20
342.620246
11
-114.270945
21
342.119194
0
LINE
8
Layer 1
10
-114.270945
20
342.119194
11
-115.287980
21
341.439178
0
LINE
8
Layer 1
10
-115.287980
20
341.439178
11
-116.198540
21
340.585450
0
LINE
8
Layer 1
10
-116.198540
20
340.585450
11
-117.058313
21
339.442167
0
LINE
8
Layer 1
10
-117.058313
20
339.442167
11
-117.631750
21
338.221597
0
LINE
8
Layer 1
10
-117.631750
20
338.221597
11
-117.927913
21
336.897225
0
LINE
8
Layer 1
10
-117.927913
20
336.897225
11
-117.955860
21
335.442530
0
LINE
8
Layer 1
10
-117.955860
20
335.442530
11
-117.603301
21
333.494044
0
LINE
8
Layer 1
10
-117.603301
20
333.494044
11
-116.821306
21
331.866974
0
LINE
8
Layer 1
10
-116.821306
20
331.866974
11
-115.595021
21
330.539466
0
LINE
8
Layer 1
10
-115.595021
20
330.539466
11
-113.909590
21
329.489670
0
LINE
8
Layer 1
10
-113.909590
20
329.489670
11
-112.483326
21
328.992383
0
LINE
8
Layer 1
10
-112.483326
20
328.992383
11
-110.729050
21
328.958089
0
LINE
8
Layer 1
10
-110.729050
20
328.958089
11
-109.143044
21
329.166595
0
LINE
8
Layer 1
10
-109.143044
20
329.166595
11
-107.950930
21
329.530160
0
LINE
8
Layer 1
10
-107.950930
20
329.530160
11
-107.950930
21
329.530150
 0 
ENDSEC
 0 
EOF